scenario,t,x_mm,y_mm,programmed_z_mm,map_delta_mm,expected_machine_z_mm,generated_z_mm
horizontal,0.0062500000000000056,-3.9,-3.0,-0.1,0.2,3.1,3.1
horizontal,0.012500000000000011,-3.8,-3.0,-0.1,0.2,3.1,3.1
horizontal,0.01874999999999999,-3.7,-3.0,-0.1,0.2,3.1,3.1
horizontal,0.024999999999999994,-3.6,-3.0,-0.1,0.2,3.1,3.1
horizontal,0.03125,-3.5,-3.0,-0.1,0.2,3.1,3.1
horizontal,0.037500000000000006,-3.4,-3.0,-0.1,0.2,3.1,3.1
horizontal,0.04375000000000001,-3.3,-3.0,-0.1,0.2,3.1,3.1
horizontal,0.04999999999999999,-3.2,-3.0,-0.1,0.2,3.1,3.1
horizontal,0.056249999999999994,-3.1,-3.0,-0.1,0.2,3.1,3.1
horizontal,0.0625,-3.0,-3.0,-0.1,0.2,3.1,3.1
horizontal,0.06875,-2.9,-3.0,-0.1,0.2,3.1,3.1
horizontal,0.07500000000000001,-2.8,-3.0,-0.1,0.2,3.1,3.1
horizontal,0.08124999999999999,-2.7,-3.0,-0.1,0.2,3.1,3.1
horizontal,0.0875,-2.6,-3.0,-0.1,0.2,3.1,3.1
horizontal,0.09375,-2.5,-3.0,-0.1,0.2,3.1,3.1
horizontal,0.1,-2.4,-3.0,-0.1,0.2,3.1,3.1
horizontal,0.10625000000000001,-2.3,-3.0,-0.1,0.2,3.1,3.1
horizontal,0.11249999999999999,-2.2,-3.0,-0.1,0.2,3.1,3.1
horizontal,0.11875,-2.1,-3.0,-0.1,0.2,3.1,3.1
horizontal,0.125,-2.0,-3.0,-0.1,0.2,3.1,3.1
horizontal,0.13125,-1.9,-3.0,-0.1,0.2,3.1,3.1
horizontal,0.1375,-1.7999999999999998,-3.0,-0.1,0.2,3.1,3.1
horizontal,0.14375,-1.7000000000000002,-3.0,-0.1,0.2,3.1,3.1
horizontal,0.15,-1.6,-3.0,-0.1,0.2,3.1,3.1
horizontal,0.15625,-1.5,-3.0,-0.1,0.2,3.1,3.1
horizontal,0.1625,-1.4,-3.0,-0.1,0.2,3.1,3.1
horizontal,0.16875,-1.2999999999999998,-3.0,-0.1,0.2,3.1,3.1
horizontal,0.175,-1.2000000000000002,-3.0,-0.1,0.2,3.1,3.1
horizontal,0.18125,-1.1,-3.0,-0.1,0.2,3.1,3.1
horizontal,0.1875,-1.0,-3.0,-0.1,0.2,3.1,3.1
horizontal,0.19375,-0.8999999999999999,-3.0,-0.1,0.2,3.1,3.1
horizontal,0.2,-0.7999999999999998,-3.0,-0.1,0.2,3.1,3.1
horizontal,0.20625,-0.7000000000000002,-3.0,-0.1,0.2,3.1,3.1
horizontal,0.2125,-0.6000000000000001,-3.0,-0.1,0.2,3.1,3.1
horizontal,0.21875,-0.5,-3.0,-0.1,0.2,3.1,3.1
horizontal,0.225,-0.3999999999999999,-3.0,-0.1,0.2,3.1,3.1
horizontal,0.23125,-0.2999999999999998,-3.0,-0.1,0.2,3.1,3.1
horizontal,0.2375,-0.20000000000000018,-3.0,-0.1,0.2,3.1,3.1
horizontal,0.24375,-0.10000000000000009,-3.0,-0.1,0.2,3.1,3.1
horizontal,0.25,0.0,-3.0,-0.1,0.2,3.1,3.1
horizontal,0.25625,0.09999999999999964,-3.0,-0.1,0.2,3.1,3.1
horizontal,0.2625,0.20000000000000018,-3.0,-0.1,0.2,3.1,3.1
horizontal,0.26875,0.2999999999999998,-3.0,-0.1,0.2,3.1,3.1
horizontal,0.275,0.40000000000000036,-3.0,-0.1,0.2,3.1,3.1
horizontal,0.28125,0.5,-3.0,-0.1,0.2,3.1,3.1
horizontal,0.2875,0.5999999999999996,-3.0,-0.1,0.2,3.1,3.1
horizontal,0.29375,0.7000000000000002,-3.0,-0.1,0.2,3.1,3.1
horizontal,0.3,0.7999999999999998,-3.0,-0.1,0.2,3.1,3.1
horizontal,0.30625,0.9000000000000004,-3.0,-0.1,0.2,3.1,3.1
horizontal,0.3125,1.0,-3.0,-0.1,0.2,3.1,3.1
horizontal,0.31875,1.0999999999999996,-3.0,-0.1,0.2,3.1,3.1
horizontal,0.325,1.2000000000000002,-3.0,-0.1,0.2,3.1,3.1
horizontal,0.33125,1.2999999999999998,-3.0,-0.1,0.2,3.1,3.1
horizontal,0.3375,1.4000000000000004,-3.0,-0.1,0.2,3.1,3.1
horizontal,0.34375,1.5,-3.0,-0.1,0.2,3.1,3.1
horizontal,0.35,1.5999999999999996,-3.0,-0.1,0.2,3.1,3.1
horizontal,0.35625,1.7000000000000002,-3.0,-0.1,0.2,3.1,3.1
horizontal,0.3625,1.7999999999999998,-3.0,-0.1,0.2,3.1,3.1
horizontal,0.36875,1.9000000000000004,-3.0,-0.1,0.2,3.1,3.1
horizontal,0.375,2.0,-3.0,-0.1,0.2,3.1,3.1
horizontal,0.38125,2.0999999999999996,-3.0,-0.1,0.2,3.1,3.1
horizontal,0.3875,2.2,-3.0,-0.1,0.2,3.1,3.1
horizontal,0.39375,2.3,-3.0,-0.1,0.2,3.1,3.1
horizontal,0.4,2.4000000000000004,-3.0,-0.1,0.2,3.1,3.1
horizontal,0.40625,2.5,-3.0,-0.1,0.2,3.1,3.1
horizontal,0.4125,2.5999999999999996,-3.0,-0.1,0.2,3.1,3.1
horizontal,0.41875,2.7,-3.0,-0.1,0.2,3.1,3.1
horizontal,0.425,2.8,-3.0,-0.1,0.2,3.1,3.1
horizontal,0.43125,2.9000000000000004,-3.0,-0.1,0.2,3.1,3.1
horizontal,0.4375,3.0,-3.0,-0.1,0.2,3.1,3.1
horizontal,0.44375,3.0999999999999996,-3.0,-0.1,0.2,3.1,3.1
horizontal,0.45,3.2,-3.0,-0.1,0.2,3.1,3.1
horizontal,0.45625,3.3,-3.0,-0.1,0.2,3.1,3.1
horizontal,0.4625,3.4000000000000004,-3.0,-0.1,0.2,3.1,3.1
horizontal,0.46875,3.5,-3.0,-0.1,0.2,3.1,3.1
horizontal,0.475,3.5999999999999996,-3.0,-0.1,0.2,3.1,3.1
horizontal,0.48125,3.7,-3.0,-0.1,0.2,3.1,3.1
horizontal,0.4875,3.8,-3.0,-0.1,0.2,3.1,3.1
horizontal,0.49375,3.9000000000000004,-3.0,-0.1,0.2,3.1,3.1
horizontal,0.5,4.0,-3.0,-0.1,0.2,3.1,3.1
horizontal,0.50625,4.1,-3.0,-0.1,0.2,3.1,3.1
horizontal,0.5125,4.199999999999999,-3.0,-0.1,0.2,3.1,3.1
horizontal,0.51875,4.300000000000001,-3.0,-0.1,0.2,3.1,3.1
horizontal,0.525,4.4,-3.0,-0.1,0.2,3.1,3.1
horizontal,0.53125,4.5,-3.0,-0.1,0.2,3.1,3.1
horizontal,0.5375,4.6,-3.0,-0.1,0.2,3.1,3.1
horizontal,0.54375,4.699999999999999,-3.0,-0.1,0.2,3.1,3.1
horizontal,0.55,4.800000000000001,-3.0,-0.1,0.2,3.1,3.1
horizontal,0.55625,4.9,-3.0,-0.1,0.2,3.1,3.1
horizontal,0.5625,5.0,-3.0,-0.1,0.2,3.1,3.1
horizontal,0.56875,5.1,-3.0,-0.1,0.2,3.1,3.1
horizontal,0.575,5.199999999999999,-3.0,-0.1,0.2,3.1,3.1
horizontal,0.58125,5.300000000000001,-3.0,-0.1,0.2,3.1,3.1
horizontal,0.5875,5.4,-3.0,-0.1,0.2,3.1,3.1
horizontal,0.59375,5.5,-3.0,-0.1,0.2,3.1,3.1
horizontal,0.6,5.6,-3.0,-0.1,0.2,3.1,3.1
horizontal,0.60625,5.699999999999999,-3.0,-0.1,0.2,3.1,3.1
horizontal,0.6125,5.800000000000001,-3.0,-0.1,0.2,3.1,3.1
horizontal,0.61875,5.9,-3.0,-0.1,0.2,3.1,3.1
horizontal,0.625,6.0,-3.0,-0.1,0.2,3.1,3.1
horizontal,0.63125,6.1,-3.0,-0.1,0.2,3.1,3.1
horizontal,0.6375,6.199999999999999,-3.0,-0.1,0.2,3.1,3.1
horizontal,0.64375,6.300000000000001,-3.0,-0.1,0.2,3.1,3.1
horizontal,0.65,6.4,-3.0,-0.1,0.2,3.1,3.1
horizontal,0.65625,6.5,-3.0,-0.1,0.2,3.1,3.1
horizontal,0.6625,6.6,-3.0,-0.1,0.2,3.1,3.1
horizontal,0.66875,6.699999999999999,-3.0,-0.1,0.2,3.1,3.1
horizontal,0.675,6.800000000000001,-3.0,-0.1,0.2,3.1,3.1
horizontal,0.68125,6.9,-3.0,-0.1,0.2,3.1,3.1
horizontal,0.6875,7.0,-3.0,-0.1,0.2,3.1,3.1
horizontal,0.69375,7.1,-3.0,-0.1,0.2,3.1,3.1
horizontal,0.7,7.199999999999999,-3.0,-0.1,0.2,3.1,3.1
horizontal,0.70625,7.300000000000001,-3.0,-0.1,0.2,3.1,3.1
horizontal,0.7125,7.4,-3.0,-0.1,0.2,3.1,3.1
horizontal,0.71875,7.5,-3.0,-0.1,0.2,3.1,3.1
horizontal,0.725,7.6,-3.0,-0.1,0.2,3.1,3.1
horizontal,0.73125,7.699999999999999,-3.0,-0.1,0.2,3.1,3.1
horizontal,0.7375,7.800000000000001,-3.0,-0.1,0.2,3.1,3.1
horizontal,0.74375,7.9,-3.0,-0.1,0.2,3.1,3.1
horizontal,0.75,8.0,-3.0,-0.1,0.2,3.1,3.1
horizontal,0.75625,8.1,-3.0,-0.1,0.2,3.1,3.1
horizontal,0.7625,8.2,-3.0,-0.1,0.2,3.1,3.1
horizontal,0.76875,8.3,-3.0,-0.1,0.2,3.1,3.1
horizontal,0.775,8.4,-3.0,-0.1,0.2,3.1,3.1
horizontal,0.78125,8.5,-3.0,-0.1,0.2,3.1,3.1
horizontal,0.7875,8.6,-3.0,-0.1,0.2,3.1,3.1
horizontal,0.79375,8.7,-3.0,-0.1,0.2,3.1,3.1
horizontal,0.8,8.8,-3.0,-0.1,0.2,3.1,3.1
horizontal,0.80625,8.9,-3.0,-0.1,0.2,3.1,3.1
horizontal,0.8125,9.0,-3.0,-0.1,0.2,3.1,3.1
horizontal,0.81875,9.1,-3.0,-0.1,0.2,3.1,3.1
horizontal,0.825,9.2,-3.0,-0.1,0.2,3.1,3.1
horizontal,0.83125,9.3,-3.0,-0.1,0.2,3.1,3.1
horizontal,0.8375,9.4,-3.0,-0.1,0.2,3.1,3.1
horizontal,0.84375,9.5,-3.0,-0.1,0.2,3.1,3.1
horizontal,0.85,9.6,-3.0,-0.1,0.2,3.1,3.1
horizontal,0.85625,9.7,-3.0,-0.1,0.2,3.1,3.1
horizontal,0.8625,9.8,-3.0,-0.1,0.2,3.1,3.1
horizontal,0.86875,9.9,-3.0,-0.1,0.2,3.1,3.1
horizontal,0.875,10.0,-3.0,-0.1,0.2,3.1,3.1
horizontal,0.88125,10.1,-3.0,-0.1,0.2,3.1,3.1
horizontal,0.8875,10.2,-3.0,-0.1,0.2,3.1,3.1
horizontal,0.89375,10.3,-3.0,-0.1,0.2,3.1,3.1
horizontal,0.9,10.4,-3.0,-0.1,0.2,3.1,3.1
horizontal,0.90625,10.5,-3.0,-0.1,0.2,3.1,3.1
horizontal,0.9125,10.6,-3.0,-0.1,0.2,3.1,3.1
horizontal,0.91875,10.7,-3.0,-0.1,0.2,3.1,3.1
horizontal,0.925,10.8,-3.0,-0.1,0.2,3.1,3.1
horizontal,0.93125,10.9,-3.0,-0.1,0.2,3.1,3.1
horizontal,0.9375,11.0,-3.0,-0.1,0.2,3.1,3.1
horizontal,0.94375,11.1,-3.0,-0.1,0.2,3.1,3.1
horizontal,0.95,11.2,-3.0,-0.1,0.2,3.1,3.1
horizontal,0.95625,11.3,-3.0,-0.1,0.2,3.1,3.1
horizontal,0.9625,11.4,-3.0,-0.1,0.2,3.1,3.1
horizontal,0.96875,11.5,-3.0,-0.1,0.2,3.1,3.1
horizontal,0.975,11.6,-3.0,-0.1,0.2,3.1,3.1
horizontal,0.98125,11.7,-3.0,-0.1,0.2,3.1,3.1
horizontal,0.9875,11.8,-3.0,-0.1,0.2,3.1,3.1
horizontal,0.99375,11.9,-3.0,-0.1,0.2,3.1,3.1
horizontal,1.0,12.0,-3.0,-0.1,0.2,3.1,3.1
ascending_ramp,0.0050000000000000044,-3.92,-2.94,-1.0950000000000002,0.2,2.105,2.105
ascending_ramp,0.010000000000000009,-3.84,-2.88,-1.09,0.2,2.1100000000000003,2.11
ascending_ramp,0.015000000000000013,-3.76,-2.82,-1.085,0.2,2.115,2.115
ascending_ramp,0.02,-3.68,-2.76,-1.08,0.2,2.12,2.12
ascending_ramp,0.02499999999999999,-3.6,-2.7,-1.0750000000000002,0.2,2.125,2.125
ascending_ramp,0.029999999999999992,-3.52,-2.64,-1.07,0.2,2.13,2.13
ascending_ramp,0.034999999999999996,-3.44,-2.58,-1.0650000000000002,0.2,2.135,2.135
ascending_ramp,0.04,-3.36,-2.52,-1.06,0.2,2.14,2.14
ascending_ramp,0.04499999999999999,-3.2800000000000002,-2.46,-1.0550000000000002,0.2,2.145,2.145
ascending_ramp,0.049999999999999996,-3.2,-2.4,-1.05,0.2,2.1500000000000004,2.15
ascending_ramp,0.05500000000000001,-3.12,-2.34,-1.0450000000000002,0.2,2.1550000000000002,2.155
ascending_ramp,0.059999999999999984,-3.04,-2.2800000000000002,-1.04,0.2,2.16,2.16
ascending_ramp,0.06500000000000002,-2.96,-2.2199999999999998,-1.0350000000000001,0.2,2.165,2.165
ascending_ramp,0.06999999999999999,-2.88,-2.16,-1.03,0.2,2.17,2.17
ascending_ramp,0.075,-2.8,-2.1,-1.0250000000000001,0.2,2.175,2.175
ascending_ramp,0.08,-2.7199999999999998,-2.04,-1.02,0.2,2.18,2.18
ascending_ramp,0.085,-2.6399999999999997,-1.98,-1.0150000000000001,0.2,2.185,2.185
ascending_ramp,0.09,-2.56,-1.92,-1.01,0.2,2.1900000000000004,2.19
ascending_ramp,0.095,-2.48,-1.8599999999999999,-1.0050000000000001,0.2,2.1950000000000003,2.195
ascending_ramp,0.1,-2.4,-1.7999999999999998,-1.0,0.2,2.2,2.2
ascending_ramp,0.10499999999999998,-2.3200000000000003,-1.74,-0.9950000000000001,0.2,2.205,2.205
ascending_ramp,0.10999999999999999,-2.24,-1.68,-0.9900000000000001,0.2,2.21,2.21
ascending_ramp,0.11499999999999999,-2.16,-1.6199999999999999,-0.9850000000000001,0.2,2.215,2.215
ascending_ramp,0.12,-2.08,-1.56,-0.9800000000000001,0.2,2.22,2.22
ascending_ramp,0.125,-2.0,-1.5,-0.9750000000000001,0.2,2.225,2.225
ascending_ramp,0.13,-1.92,-1.44,-0.9700000000000001,0.2,2.23,2.23
ascending_ramp,0.135,-1.8399999999999999,-1.38,-0.9650000000000001,0.2,2.2350000000000003,2.235
ascending_ramp,0.14,-1.7599999999999998,-1.3199999999999998,-0.9600000000000001,0.2,2.24,2.24
ascending_ramp,0.145,-1.6800000000000002,-1.2600000000000002,-0.9550000000000001,0.2,2.245,2.245
ascending_ramp,0.15,-1.6,-1.2000000000000002,-0.9500000000000001,0.2,2.25,2.25
ascending_ramp,0.155,-1.52,-1.1400000000000001,-0.9450000000000001,0.2,2.255,2.255
ascending_ramp,0.16,-1.44,-1.08,-0.9400000000000001,0.2,2.2600000000000002,2.26
ascending_ramp,0.165,-1.3599999999999999,-1.02,-0.935,0.2,2.265,2.265
ascending_ramp,0.17,-1.2799999999999998,-0.96,-0.93,0.2,2.27,2.27
ascending_ramp,0.175,-1.2000000000000002,-0.9000000000000004,-0.925,0.2,2.2750000000000004,2.275
ascending_ramp,0.18,-1.12,-0.8399999999999999,-0.9200000000000002,0.2,2.2800000000000002,2.28
ascending_ramp,0.185,-1.04,-0.7800000000000002,-0.915,0.2,2.285,2.285
ascending_ramp,0.19,-0.96,-0.7199999999999998,-0.9100000000000001,0.2,2.29,2.29
ascending_ramp,0.195,-0.8799999999999999,-0.6600000000000001,-0.905,0.2,2.295,2.295
ascending_ramp,0.2,-0.7999999999999998,-0.5999999999999996,-0.9000000000000001,0.2,2.3,2.3
ascending_ramp,0.205,-0.7200000000000002,-0.54,-0.8950000000000001,0.2,2.305,2.305
ascending_ramp,0.21000000000000002,-0.6400000000000001,-0.48,-0.8900000000000001,0.2,2.31,2.31
ascending_ramp,0.215,-0.56,-0.41999999999999993,-0.8850000000000001,0.2,2.315,2.315
ascending_ramp,0.22000000000000003,-0.48,-0.3599999999999999,-0.8800000000000001,0.2,2.3200000000000003,2.32
ascending_ramp,0.225,-0.3999999999999999,-0.2999999999999998,-0.8750000000000001,0.2,2.325,2.325
ascending_ramp,0.23000000000000004,-0.31999999999999984,-0.23999999999999977,-0.8700000000000001,0.2,2.33,2.33
ascending_ramp,0.23499999999999996,-0.2400000000000002,-0.18000000000000016,-0.8650000000000001,0.2,2.335,2.335
ascending_ramp,0.24,-0.16000000000000014,-0.1200000000000001,-0.8600000000000001,0.2,2.34,2.34
ascending_ramp,0.24500000000000002,-0.08000000000000007,-0.06000000000000005,-0.8550000000000001,0.2,2.345,2.345
ascending_ramp,0.25,0.0,0.0,-0.8500000000000001,0.2,2.35,2.35
ascending_ramp,0.255,0.08000000000000007,0.06000000000000005,-0.8450000000000001,0.2,2.355,2.355
ascending_ramp,0.26,0.16000000000000014,0.1200000000000001,-0.8400000000000001,0.2,2.3600000000000003,2.36
ascending_ramp,0.265,0.2400000000000002,0.18000000000000016,-0.8350000000000001,0.2,2.365,2.365
ascending_ramp,0.27,0.3200000000000003,0.2400000000000002,-0.8300000000000001,0.2,2.37,2.37
ascending_ramp,0.275,0.40000000000000036,0.30000000000000027,-0.8250000000000001,0.2,2.375,2.375
ascending_ramp,0.28,0.4800000000000004,0.3600000000000003,-0.8200000000000001,0.2,2.38,2.38
ascending_ramp,0.285,0.5599999999999996,0.41999999999999993,-0.8150000000000002,0.2,2.385,2.385
ascending_ramp,0.29,0.6399999999999997,0.47999999999999954,-0.81,0.2,2.39,2.39
ascending_ramp,0.295,0.7199999999999998,0.54,-0.8050000000000002,0.2,2.395,2.395
ascending_ramp,0.3,0.7999999999999998,0.5999999999999996,-0.8,0.2,2.4000000000000004,2.4
ascending_ramp,0.305,0.8799999999999999,0.6600000000000001,-0.7950000000000002,0.2,2.4050000000000002,2.405
ascending_ramp,0.31,0.96,0.7199999999999998,-0.79,0.2,2.41,2.41
ascending_ramp,0.315,1.04,0.7800000000000002,-0.7850000000000001,0.2,2.415,2.415
ascending_ramp,0.32,1.12,0.8399999999999999,-0.78,0.2,2.42,2.42
ascending_ramp,0.325,1.2000000000000002,0.9000000000000004,-0.7750000000000001,0.2,2.425,2.425
ascending_ramp,0.33,1.2800000000000002,0.96,-0.77,0.2,2.43,2.43
ascending_ramp,0.335,1.3600000000000003,1.0200000000000005,-0.7650000000000001,0.2,2.435,2.435
ascending_ramp,0.34,1.4400000000000004,1.08,-0.76,0.2,2.4400000000000004,2.44
ascending_ramp,0.345,1.5199999999999996,1.1399999999999997,-0.7550000000000001,0.2,2.4450000000000003,2.445
ascending_ramp,0.35,1.5999999999999996,1.1999999999999993,-0.7500000000000001,0.2,2.45,2.45
ascending_ramp,0.355,1.6799999999999997,1.2599999999999998,-0.7450000000000001,0.2,2.455,2.455
ascending_ramp,0.36,1.7599999999999998,1.3200000000000003,-0.7400000000000001,0.2,2.46,2.46
ascending_ramp,0.365,1.8399999999999999,1.38,-0.7350000000000001,0.2,2.465,2.465
ascending_ramp,0.37,1.92,1.4399999999999995,-0.7300000000000001,0.2,2.47,2.47
ascending_ramp,0.375,2.0,1.5,-0.7250000000000001,0.2,2.475,2.475
ascending_ramp,0.38,2.08,1.5600000000000005,-0.7200000000000001,0.2,2.48,2.48
ascending_ramp,0.385,2.16,1.62,-0.7150000000000001,0.2,2.4850000000000003,2.485
ascending_ramp,0.39,2.24,1.6799999999999997,-0.7100000000000001,0.2,2.49,2.49
ascending_ramp,0.395,2.3200000000000003,1.7400000000000002,-0.7050000000000001,0.2,2.495,2.495
ascending_ramp,0.4,2.4000000000000004,1.8000000000000007,-0.7000000000000001,0.2,2.5,2.5
ascending_ramp,0.4050000000000001,2.4800000000000004,1.8600000000000003,-0.6950000000000001,0.2,2.505,2.505
ascending_ramp,0.41,2.5599999999999996,1.92,-0.6900000000000002,0.2,2.51,2.51
ascending_ramp,0.4149999999999999,2.6399999999999997,1.9799999999999995,-0.6850000000000002,0.2,2.515,2.515
ascending_ramp,0.42000000000000004,2.7199999999999998,2.04,-0.68,0.2,2.52,2.52
ascending_ramp,0.425,2.8,2.0999999999999996,-0.675,0.2,2.5250000000000004,2.525
ascending_ramp,0.43,2.88,2.16,-0.6700000000000002,0.2,2.5300000000000002,2.53
ascending_ramp,0.43499999999999994,2.96,2.2199999999999998,-0.6650000000000001,0.2,2.535,2.535
ascending_ramp,0.44000000000000006,3.04,2.2800000000000002,-0.66,0.2,2.54,2.54
ascending_ramp,0.445,3.12,2.34,-0.655,0.2,2.545,2.545
ascending_ramp,0.45,3.2,2.4000000000000004,-0.6500000000000001,0.2,2.55,2.55
ascending_ramp,0.45499999999999996,3.2800000000000002,2.46,-0.6450000000000001,0.2,2.555,2.555
ascending_ramp,0.4600000000000001,3.3600000000000003,2.5200000000000005,-0.64,0.2,2.56,2.56
ascending_ramp,0.465,3.4400000000000004,2.58,-0.635,0.2,2.5650000000000004,2.565
ascending_ramp,0.4699999999999999,3.5199999999999996,2.6399999999999997,-0.6300000000000001,0.2,2.5700000000000003,2.57
ascending_ramp,0.475,3.5999999999999996,2.6999999999999993,-0.6250000000000001,0.2,2.575,2.575
ascending_ramp,0.48,3.6799999999999997,2.76,-0.6200000000000001,0.2,2.58,2.58
ascending_ramp,0.485,3.76,2.8200000000000003,-0.6150000000000001,0.2,2.585,2.585
ascending_ramp,0.49000000000000005,3.84,2.88,-0.6100000000000001,0.2,2.59,2.59
ascending_ramp,0.495,3.92,2.9399999999999995,-0.6050000000000001,0.2,2.595,2.595
ascending_ramp,0.5,4.0,3.0,-0.6000000000000001,0.2,2.6,2.6
ascending_ramp,0.505,4.08,3.0600000000000005,-0.5950000000000001,0.2,2.605,2.605
ascending_ramp,0.51,4.16,3.12,-0.5900000000000001,0.2,2.6100000000000003,2.61
ascending_ramp,0.515,4.24,3.1799999999999997,-0.5850000000000001,0.2,2.615,2.615
ascending_ramp,0.52,4.32,3.24,-0.5800000000000001,0.2,2.62,2.62
ascending_ramp,0.525,4.4,3.3000000000000007,-0.5750000000000001,0.2,2.625,2.625
ascending_ramp,0.53,4.48,3.3600000000000003,-0.5700000000000001,0.2,2.63,2.63
ascending_ramp,0.535,4.5600000000000005,3.42,-0.5650000000000001,0.2,2.6350000000000002,2.635
ascending_ramp,0.54,4.640000000000001,3.4800000000000004,-0.56,0.2,2.64,2.64
ascending_ramp,0.545,4.720000000000001,3.540000000000001,-0.555,0.2,2.645,2.645
ascending_ramp,0.55,4.800000000000001,3.6000000000000005,-0.55,0.2,2.6500000000000004,2.65
ascending_ramp,0.555,4.880000000000001,3.66,-0.545,0.2,2.6550000000000002,2.655
ascending_ramp,0.56,4.960000000000001,3.7200000000000006,-0.54,0.2,2.66,2.66
ascending_ramp,0.565,5.039999999999999,3.7799999999999994,-0.5350000000000001,0.2,2.665,2.665
ascending_ramp,0.57,5.119999999999999,3.84,-0.5300000000000001,0.2,2.67,2.67
ascending_ramp,0.575,5.199999999999999,3.8999999999999995,-0.5250000000000001,0.2,2.675,2.675
ascending_ramp,0.58,5.279999999999999,3.959999999999999,-0.5200000000000001,0.2,2.68,2.68
ascending_ramp,0.585,5.359999999999999,4.02,-0.5150000000000001,0.2,2.685,2.685
ascending_ramp,0.59,5.4399999999999995,4.08,-0.5100000000000001,0.2,2.69,2.69
ascending_ramp,0.595,5.52,4.14,-0.5050000000000001,0.2,2.6950000000000003,2.695
ascending_ramp,0.6,5.6,4.199999999999999,-0.5000000000000001,0.2,2.7,2.7
ascending_ramp,0.605,5.68,4.26,-0.4950000000000001,0.2,2.705,2.705
ascending_ramp,0.61,5.76,4.32,-0.4900000000000001,0.2,2.71,2.71
ascending_ramp,0.615,5.84,4.38,-0.4850000000000001,0.2,2.715,2.715
ascending_ramp,0.62,5.92,4.4399999999999995,-0.4800000000000001,0.2,2.72,2.72
ascending_ramp,0.625,6.0,4.5,-0.4750000000000001,0.2,2.725,2.725
ascending_ramp,0.63,6.08,4.5600000000000005,-0.4700000000000001,0.2,2.73,2.73
ascending_ramp,0.635,6.16,4.62,-0.4650000000000001,0.2,2.7350000000000003,2.735
ascending_ramp,0.64,6.24,4.68,-0.4600000000000001,0.2,2.74,2.74
ascending_ramp,0.645,6.32,4.74,-0.45500000000000007,0.2,2.745,2.745
ascending_ramp,0.65,6.4,4.800000000000001,-0.45000000000000007,0.2,2.75,2.75
ascending_ramp,0.655,6.48,4.86,-0.44500000000000006,0.2,2.755,2.755
ascending_ramp,0.66,6.5600000000000005,4.92,-0.44000000000000006,0.2,2.7600000000000002,2.76
ascending_ramp,0.665,6.640000000000001,4.98,-0.43500000000000005,0.2,2.765,2.765
ascending_ramp,0.67,6.720000000000001,5.040000000000001,-0.43000000000000005,0.2,2.77,2.77
ascending_ramp,0.675,6.800000000000001,5.100000000000001,-0.42500000000000004,0.2,2.7750000000000004,2.775
ascending_ramp,0.68,6.880000000000001,5.16,-0.42000000000000004,0.2,2.7800000000000002,2.78
ascending_ramp,0.685,6.960000000000001,5.220000000000001,-0.41500000000000004,0.2,2.785,2.785
ascending_ramp,0.69,7.039999999999999,5.279999999999999,-0.41000000000000014,0.2,2.79,2.79
ascending_ramp,0.695,7.119999999999999,5.34,-0.40500000000000014,0.2,2.795,2.795
ascending_ramp,0.7,7.199999999999999,5.399999999999999,-0.40000000000000013,0.2,2.8,2.8
ascending_ramp,0.705,7.279999999999999,5.459999999999999,-0.39500000000000013,0.2,2.805,2.805
ascending_ramp,0.71,7.359999999999999,5.52,-0.3900000000000001,0.2,2.81,2.81
ascending_ramp,0.715,7.4399999999999995,5.58,-0.3850000000000001,0.2,2.815,2.815
ascending_ramp,0.72,7.52,5.640000000000001,-0.3800000000000001,0.2,2.8200000000000003,2.82
ascending_ramp,0.725,7.6,5.699999999999999,-0.3750000000000001,0.2,2.825,2.825
ascending_ramp,0.73,7.68,5.76,-0.3700000000000001,0.2,2.83,2.83
ascending_ramp,0.735,7.76,5.82,-0.3650000000000001,0.2,2.835,2.835
ascending_ramp,0.74,7.84,5.879999999999999,-0.3600000000000001,0.2,2.84,2.84
ascending_ramp,0.745,7.92,5.9399999999999995,-0.3550000000000001,0.2,2.845,2.845
ascending_ramp,0.75,8.0,6.0,-0.3500000000000001,0.2,2.85,2.85
ascending_ramp,0.755,8.08,6.0600000000000005,-0.3450000000000001,0.2,2.855,2.855
ascending_ramp,0.76,8.16,6.120000000000001,-0.3400000000000001,0.2,2.8600000000000003,2.86
ascending_ramp,0.765,8.24,6.18,-0.3350000000000001,0.2,2.865,2.865
ascending_ramp,0.77,8.32,6.24,-0.33000000000000007,0.2,2.87,2.87
ascending_ramp,0.775,8.4,6.300000000000001,-0.32500000000000007,0.2,2.875,2.875
ascending_ramp,0.78,8.48,6.359999999999999,-0.32000000000000006,0.2,2.88,2.88
ascending_ramp,0.785,8.56,6.42,-0.31500000000000006,0.2,2.8850000000000002,2.885
ascending_ramp,0.79,8.64,6.48,-0.31000000000000005,0.2,2.89,2.89
ascending_ramp,0.795,8.72,6.540000000000001,-0.30500000000000005,0.2,2.895,2.895
ascending_ramp,0.8,8.8,6.600000000000001,-0.30000000000000004,0.2,2.9000000000000004,2.9
ascending_ramp,0.805,8.88,6.66,-0.29500000000000004,0.2,2.9050000000000002,2.905
ascending_ramp,0.8100000000000002,8.96,6.720000000000001,-0.2899999999999999,0.2,2.91,2.91
ascending_ramp,0.8149999999999998,9.04,6.779999999999999,-0.28500000000000025,0.2,2.915,2.915
ascending_ramp,0.82,9.12,6.84,-0.28000000000000014,0.2,2.92,2.92
ascending_ramp,0.825,9.2,6.899999999999999,-0.27500000000000013,0.2,2.925,2.925
ascending_ramp,0.8299999999999998,9.28,6.959999999999999,-0.27000000000000024,0.2,2.9299999999999997,2.93
ascending_ramp,0.835,9.36,7.02,-0.2650000000000001,0.2,2.935,2.935
ascending_ramp,0.8400000000000001,9.44,7.08,-0.26,0.2,2.9400000000000004,2.94
ascending_ramp,0.845,9.52,7.140000000000001,-0.2550000000000001,0.2,2.9450000000000003,2.945
ascending_ramp,0.85,9.6,7.199999999999999,-0.2500000000000001,0.2,2.95,2.95
ascending_ramp,0.8550000000000001,9.68,7.26,-0.245,0.2,2.955,2.955
ascending_ramp,0.86,9.76,7.32,-0.2400000000000001,0.2,2.96,2.96
ascending_ramp,0.865,9.84,7.379999999999999,-0.2350000000000001,0.2,2.965,2.965
ascending_ramp,0.8699999999999999,9.92,7.4399999999999995,-0.2300000000000002,0.2,2.9699999999999998,2.97
ascending_ramp,0.875,10.0,7.5,-0.2250000000000001,0.2,2.975,2.975
ascending_ramp,0.8800000000000001,10.08,7.5600000000000005,-0.21999999999999997,0.2,2.9800000000000004,2.98
ascending_ramp,0.885,10.16,7.620000000000001,-0.21500000000000008,0.2,2.9850000000000003,2.985
ascending_ramp,0.89,10.24,7.68,-0.21000000000000008,0.2,2.99,2.99
ascending_ramp,0.8949999999999999,10.32,7.74,-0.20500000000000018,0.2,2.995,2.995
ascending_ramp,0.9,10.4,7.800000000000001,-0.20000000000000007,0.2,3.0,3.0
ascending_ramp,0.905,10.48,7.859999999999999,-0.19500000000000006,0.2,3.005,3.005
ascending_ramp,0.9099999999999999,10.56,7.92,-0.19000000000000017,0.2,3.01,3.01
ascending_ramp,0.915,10.64,7.98,-0.18500000000000005,0.2,3.015,3.015
ascending_ramp,0.9200000000000002,10.72,8.040000000000001,-0.17999999999999994,0.2,3.0200000000000005,3.02
ascending_ramp,0.925,10.8,8.100000000000001,-0.17500000000000004,0.2,3.0250000000000004,3.025
ascending_ramp,0.93,10.88,8.16,-0.17000000000000004,0.2,3.0300000000000002,3.03
ascending_ramp,0.9350000000000002,10.96,8.22,-0.16499999999999992,0.2,3.035,3.035
ascending_ramp,0.9399999999999998,11.04,8.28,-0.16000000000000025,0.2,3.04,3.04
ascending_ramp,0.945,11.12,8.34,-0.15500000000000014,0.2,3.045,3.045
ascending_ramp,0.95,11.2,8.399999999999999,-0.15000000000000013,0.2,3.05,3.05
ascending_ramp,0.9549999999999998,11.28,8.459999999999999,-0.14500000000000024,0.2,3.0549999999999997,3.055
ascending_ramp,0.96,11.36,8.52,-0.14000000000000012,0.2,3.06,3.06
ascending_ramp,0.9650000000000001,11.44,8.58,-0.135,0.2,3.0650000000000004,3.065
ascending_ramp,0.97,11.52,8.64,-0.13000000000000012,0.2,3.0700000000000003,3.07
ascending_ramp,0.975,11.6,8.7,-0.1250000000000001,0.2,3.075,3.075
ascending_ramp,0.9800000000000001,11.68,8.76,-0.12,0.2,3.08,3.08
ascending_ramp,0.985,11.76,8.82,-0.1150000000000001,0.2,3.085,3.085
ascending_ramp,0.99,11.84,8.879999999999999,-0.1100000000000001,0.2,3.09,3.09
ascending_ramp,0.9949999999999999,11.92,8.94,-0.1050000000000002,0.2,3.0949999999999998,3.095
ascending_ramp,1.0,12.0,9.0,-0.10000000000000009,0.2,3.1,3.1
descending_ramp,0.0050000000000000175,11.92,8.94,-0.10500000000000002,0.2,3.095,3.095
descending_ramp,0.009999999999999983,11.84,8.88,-0.10999999999999999,0.2,3.0900000000000003,3.09
descending_ramp,0.015,11.76,8.82,-0.115,0.2,3.085,3.085
descending_ramp,0.020000000000000018,11.68,8.76,-0.12000000000000002,0.2,3.08,3.08
descending_ramp,0.025000000000000033,11.6,8.7,-0.12500000000000003,0.2,3.075,3.075
descending_ramp,0.03,11.52,8.64,-0.13,0.2,3.0700000000000003,3.07
descending_ramp,0.03500000000000002,11.44,8.58,-0.135,0.2,3.0650000000000004,3.065
descending_ramp,0.040000000000000036,11.36,8.52,-0.14000000000000004,0.2,3.06,3.06
descending_ramp,0.045,11.28,8.46,-0.14500000000000002,0.2,3.055,3.055
descending_ramp,0.050000000000000024,11.2,8.4,-0.15000000000000002,0.2,3.0500000000000003,3.05
descending_ramp,0.055000000000000035,11.12,8.34,-0.15500000000000003,0.2,3.045,3.045
descending_ramp,0.06000000000000005,11.04,8.28,-0.16000000000000006,0.2,3.04,3.04
descending_ramp,0.06499999999999995,10.96,8.22,-0.16499999999999995,0.2,3.035,3.035
descending_ramp,0.07000000000000003,10.879999999999999,8.16,-0.17000000000000004,0.2,3.0300000000000002,3.03
descending_ramp,0.07499999999999998,10.8,8.1,-0.175,0.2,3.0250000000000004,3.025
descending_ramp,0.08,10.72,8.04,-0.18,0.2,3.02,3.02
descending_ramp,0.08499999999999996,10.64,7.98,-0.18499999999999997,0.2,3.015,3.015
descending_ramp,0.08999999999999998,10.56,7.92,-0.19,0.2,3.0100000000000002,3.01
descending_ramp,0.095,10.48,7.859999999999999,-0.195,0.2,3.0050000000000003,3.005
descending_ramp,0.09999999999999999,10.4,7.8,-0.2,0.2,3.0,3.0
descending_ramp,0.10499999999999998,10.32,7.74,-0.205,0.2,2.995,2.995
descending_ramp,0.11000000000000001,10.24,7.68,-0.21000000000000002,0.2,2.99,2.99
descending_ramp,0.11499999999999999,10.16,7.62,-0.215,0.2,2.9850000000000003,2.985
descending_ramp,0.11999999999999997,10.08,7.5600000000000005,-0.21999999999999997,0.2,2.9800000000000004,2.98
descending_ramp,0.125,10.0,7.5,-0.225,0.2,2.975,2.975
descending_ramp,0.13000000000000003,9.92,7.4399999999999995,-0.23000000000000004,0.2,2.97,2.97
descending_ramp,0.135,9.84,7.38,-0.23500000000000001,0.2,2.9650000000000003,2.965
descending_ramp,0.13999999999999999,9.76,7.32,-0.24,0.2,2.96,2.96
descending_ramp,0.14500000000000002,9.68,7.26,-0.24500000000000002,0.2,2.955,2.955
descending_ramp,0.15,9.6,7.2,-0.25,0.2,2.95,2.95
descending_ramp,0.155,9.52,7.140000000000001,-0.255,0.2,2.9450000000000003,2.945
descending_ramp,0.16,9.44,7.08,-0.26,0.2,2.9400000000000004,2.94
descending_ramp,0.16500000000000004,9.36,7.02,-0.265,0.2,2.935,2.935
descending_ramp,0.17,9.28,6.96,-0.27,0.2,2.93,2.93
descending_ramp,0.17500000000000002,9.2,6.9,-0.275,0.2,2.9250000000000003,2.925
descending_ramp,0.17999999999999997,9.120000000000001,6.84,-0.27999999999999997,0.2,2.9200000000000004,2.92
descending_ramp,0.18500000000000003,9.04,6.78,-0.28500000000000003,0.2,2.915,2.915
descending_ramp,0.18999999999999997,8.96,6.72,-0.29,0.2,2.91,2.91
descending_ramp,0.19500000000000003,8.879999999999999,6.66,-0.29500000000000004,0.2,2.9050000000000002,2.905
descending_ramp,0.19999999999999998,8.8,6.6,-0.3,0.2,2.9000000000000004,2.9
descending_ramp,0.205,8.72,6.54,-0.305,0.2,2.895,2.895
descending_ramp,0.20999999999999996,8.64,6.48,-0.30999999999999994,0.2,2.89,2.89
descending_ramp,0.215,8.56,6.42,-0.315,0.2,2.8850000000000002,2.885
descending_ramp,0.22000000000000003,8.48,6.359999999999999,-0.32000000000000006,0.2,2.88,2.88
descending_ramp,0.225,8.4,6.3,-0.325,0.2,2.875,2.875
descending_ramp,0.22999999999999998,8.32,6.24,-0.32999999999999996,0.2,2.87,2.87
descending_ramp,0.23500000000000001,8.24,6.18,-0.335,0.2,2.865,2.865
descending_ramp,0.24,8.16,6.12,-0.33999999999999997,0.2,2.8600000000000003,2.86
descending_ramp,0.24499999999999997,8.08,6.0600000000000005,-0.345,0.2,2.8550000000000004,2.855
descending_ramp,0.25,8.0,6.0,-0.35,0.2,2.85,2.85
descending_ramp,0.255,7.92,5.9399999999999995,-0.355,0.2,2.845,2.845
descending_ramp,0.26,7.84,5.88,-0.36,0.2,2.8400000000000003,2.84
descending_ramp,0.265,7.76,5.82,-0.365,0.2,2.835,2.835
descending_ramp,0.27,7.68,5.76,-0.37,0.2,2.83,2.83
descending_ramp,0.275,7.6,5.699999999999999,-0.375,0.2,2.825,2.825
descending_ramp,0.28,7.52,5.64,-0.38,0.2,2.8200000000000003,2.82
descending_ramp,0.285,7.44,5.58,-0.385,0.2,2.8150000000000004,2.815
descending_ramp,0.29,7.36,5.5200000000000005,-0.39,0.2,2.81,2.81
descending_ramp,0.295,7.28,5.46,-0.395,0.2,2.805,2.805
descending_ramp,0.3,7.2,5.4,-0.4,0.2,2.8000000000000003,2.8
descending_ramp,0.305,7.12,5.34,-0.405,0.2,2.795,2.795
descending_ramp,0.31,7.04,5.28,-0.41000000000000003,0.2,2.79,2.79
descending_ramp,0.315,6.96,5.22,-0.41500000000000004,0.2,2.785,2.785
descending_ramp,0.32,6.88,5.16,-0.42000000000000004,0.2,2.7800000000000002,2.78
descending_ramp,0.325,6.8,5.1,-0.42500000000000004,0.2,2.7750000000000004,2.775
descending_ramp,0.33,6.72,5.04,-0.43000000000000005,0.2,2.77,2.77
descending_ramp,0.335,6.64,4.9799999999999995,-0.43500000000000005,0.2,2.765,2.765
descending_ramp,0.34,6.56,4.92,-0.44000000000000006,0.2,2.7600000000000002,2.76
descending_ramp,0.345,6.48,4.86,-0.44499999999999995,0.2,2.7550000000000003,2.755
descending_ramp,0.35,6.4,4.800000000000001,-0.44999999999999996,0.2,2.75,2.75
descending_ramp,0.355,6.32,4.74,-0.45499999999999996,0.2,2.745,2.745
descending_ramp,0.36,6.24,4.68,-0.45999999999999996,0.2,2.74,2.74
descending_ramp,0.365,6.16,4.62,-0.46499999999999997,0.2,2.7350000000000003,2.735
descending_ramp,0.37,6.08,4.5600000000000005,-0.47,0.2,2.7300000000000004,2.73
descending_ramp,0.375,6.0,4.5,-0.475,0.2,2.725,2.725
descending_ramp,0.38,5.92,4.4399999999999995,-0.48,0.2,2.72,2.72
descending_ramp,0.385,5.84,4.38,-0.485,0.2,2.7150000000000003,2.715
descending_ramp,0.39,5.76,4.32,-0.49,0.2,2.71,2.71
descending_ramp,0.395,5.68,4.26,-0.495,0.2,2.705,2.705
descending_ramp,0.4,5.6,4.199999999999999,-0.5,0.2,2.7,2.7
descending_ramp,0.4050000000000001,5.52,4.14,-0.5050000000000001,0.2,2.6950000000000003,2.695
descending_ramp,0.41,5.44,4.08,-0.51,0.2,2.6900000000000004,2.69
descending_ramp,0.4149999999999999,5.36,4.0200000000000005,-0.5149999999999999,0.2,2.6850000000000005,2.685
descending_ramp,0.42000000000000004,5.28,3.96,-0.52,0.2,2.68,2.68
descending_ramp,0.425,5.2,3.9000000000000004,-0.525,0.2,2.6750000000000003,2.675
descending_ramp,0.43,5.12,3.84,-0.53,0.2,2.67,2.67
descending_ramp,0.43499999999999994,5.04,3.7800000000000002,-0.5349999999999999,0.2,2.665,2.665
descending_ramp,0.44000000000000006,4.96,3.7199999999999998,-0.54,0.2,2.66,2.66
descending_ramp,0.445,4.88,3.66,-0.545,0.2,2.6550000000000002,2.655
descending_ramp,0.45,4.8,3.5999999999999996,-0.55,0.2,2.6500000000000004,2.65
descending_ramp,0.45499999999999996,4.72,3.54,-0.5549999999999999,0.2,2.6450000000000005,2.645
descending_ramp,0.4600000000000001,4.64,3.4799999999999995,-0.56,0.2,2.64,2.64
descending_ramp,0.465,4.56,3.42,-0.5650000000000001,0.2,2.6350000000000002,2.635
descending_ramp,0.4699999999999999,4.48,3.3600000000000003,-0.57,0.2,2.6300000000000003,2.63
descending_ramp,0.475,4.4,3.3000000000000007,-0.575,0.2,2.625,2.625
descending_ramp,0.48,4.32,3.24,-0.58,0.2,2.62,2.62
descending_ramp,0.485,4.24,3.1799999999999997,-0.585,0.2,2.615,2.615
descending_ramp,0.49000000000000005,4.16,3.12,-0.5900000000000001,0.2,2.6100000000000003,2.61
descending_ramp,0.495,4.08,3.0600000000000005,-0.595,0.2,2.6050000000000004,2.605
descending_ramp,0.5,4.0,3.0,-0.6,0.2,2.6,2.6
descending_ramp,0.505,3.92,2.9399999999999995,-0.605,0.2,2.595,2.595
descending_ramp,0.51,3.84,2.88,-0.61,0.2,2.5900000000000003,2.59
descending_ramp,0.515,3.76,2.8200000000000003,-0.615,0.2,2.585,2.585
descending_ramp,0.52,3.6799999999999997,2.76,-0.62,0.2,2.58,2.58
descending_ramp,0.525,3.5999999999999996,2.6999999999999993,-0.625,0.2,2.575,2.575
descending_ramp,0.53,3.5199999999999996,2.6399999999999997,-0.63,0.2,2.5700000000000003,2.57
descending_ramp,0.535,3.4399999999999995,2.58,-0.635,0.2,2.5650000000000004,2.565
descending_ramp,0.54,3.3599999999999994,2.5199999999999996,-0.64,0.2,2.56,2.56
descending_ramp,0.545,3.2799999999999994,2.459999999999999,-0.645,0.2,2.555,2.555
descending_ramp,0.55,3.1999999999999993,2.3999999999999995,-0.65,0.2,2.5500000000000003,2.55
descending_ramp,0.555,3.119999999999999,2.34,-0.655,0.2,2.545,2.545
descending_ramp,0.56,3.039999999999999,2.2799999999999994,-0.66,0.2,2.54,2.54
descending_ramp,0.565,2.960000000000001,2.2200000000000006,-0.6649999999999999,0.2,2.535,2.535
descending_ramp,0.57,2.880000000000001,2.16,-0.6699999999999999,0.2,2.5300000000000002,2.53
descending_ramp,0.575,2.8000000000000007,2.1000000000000005,-0.6749999999999999,0.2,2.5250000000000004,2.525
descending_ramp,0.58,2.7200000000000006,2.040000000000001,-0.6799999999999999,0.2,2.5200000000000005,2.52
descending_ramp,0.585,2.6400000000000006,1.9800000000000004,-0.6849999999999999,0.2,2.515,2.515
descending_ramp,0.59,2.5600000000000005,1.92,-0.69,0.2,2.5100000000000002,2.51
descending_ramp,0.595,2.4800000000000004,1.8600000000000003,-0.695,0.2,2.5050000000000003,2.505
descending_ramp,0.6,2.4000000000000004,1.8000000000000007,-0.7,0.2,2.5,2.5
descending_ramp,0.605,2.3200000000000003,1.7400000000000002,-0.705,0.2,2.495,2.495
descending_ramp,0.61,2.24,1.6799999999999997,-0.71,0.2,2.49,2.49
descending_ramp,0.615,2.16,1.62,-0.715,0.2,2.4850000000000003,2.485
descending_ramp,0.62,2.08,1.5600000000000005,-0.72,0.2,2.4800000000000004,2.48
descending_ramp,0.625,2.0,1.5,-0.725,0.2,2.475,2.475
descending_ramp,0.63,1.92,1.4399999999999995,-0.73,0.2,2.47,2.47
descending_ramp,0.635,1.8399999999999999,1.38,-0.735,0.2,2.4650000000000003,2.465
descending_ramp,0.64,1.7599999999999998,1.3200000000000003,-0.74,0.2,2.46,2.46
descending_ramp,0.645,1.6799999999999997,1.2599999999999998,-0.745,0.2,2.455,2.455
descending_ramp,0.65,1.5999999999999996,1.1999999999999993,-0.75,0.2,2.45,2.45
descending_ramp,0.655,1.5199999999999996,1.1399999999999997,-0.755,0.2,2.4450000000000003,2.445
descending_ramp,0.66,1.4399999999999995,1.08,-0.76,0.2,2.4400000000000004,2.44
descending_ramp,0.665,1.3599999999999994,1.0199999999999996,-0.765,0.2,2.435,2.435
descending_ramp,0.67,1.2799999999999994,0.9599999999999991,-0.77,0.2,2.43,2.43
descending_ramp,0.675,1.1999999999999993,0.8999999999999986,-0.775,0.2,2.4250000000000003,2.425
descending_ramp,0.68,1.1199999999999992,0.8399999999999999,-0.78,0.2,2.42,2.42
descending_ramp,0.685,1.0399999999999991,0.7799999999999994,-0.785,0.2,2.415,2.415
descending_ramp,0.69,0.9600000000000009,0.7200000000000006,-0.7899999999999999,0.2,2.41,2.41
descending_ramp,0.695,0.8800000000000008,0.6600000000000001,-0.7949999999999999,0.2,2.4050000000000002,2.405
descending_ramp,0.7,0.8000000000000007,0.6000000000000014,-0.7999999999999999,0.2,2.4000000000000004,2.4
descending_ramp,0.705,0.7200000000000006,0.5400000000000009,-0.8049999999999999,0.2,2.3950000000000005,2.395
descending_ramp,0.71,0.6400000000000006,0.4800000000000004,-0.8099999999999999,0.2,2.39,2.39
descending_ramp,0.715,0.5600000000000005,0.41999999999999993,-0.815,0.2,2.3850000000000002,2.385
descending_ramp,0.72,0.4800000000000004,0.35999999999999943,-0.82,0.2,2.3800000000000003,2.38
descending_ramp,0.725,0.40000000000000036,0.3000000000000007,-0.825,0.2,2.375,2.375
descending_ramp,0.73,0.3200000000000003,0.2400000000000002,-0.83,0.2,2.37,2.37
descending_ramp,0.735,0.2400000000000002,0.17999999999999972,-0.835,0.2,2.365,2.365
descending_ramp,0.74,0.16000000000000014,0.120000000000001,-0.84,0.2,2.3600000000000003,2.36
descending_ramp,0.745,0.08000000000000007,0.0600000000000005,-0.845,0.2,2.3550000000000004,2.355
descending_ramp,0.75,0.0,0.0,-0.85,0.2,2.35,2.35
descending_ramp,0.755,-0.08000000000000007,-0.0600000000000005,-0.855,0.2,2.345,2.345
descending_ramp,0.76,-0.16000000000000014,-0.120000000000001,-0.86,0.2,2.3400000000000003,2.34
descending_ramp,0.765,-0.2400000000000002,-0.17999999999999972,-0.865,0.2,2.335,2.335
descending_ramp,0.77,-0.3200000000000003,-0.2400000000000002,-0.87,0.2,2.33,2.33
descending_ramp,0.775,-0.40000000000000036,-0.3000000000000007,-0.875,0.2,2.325,2.325
descending_ramp,0.78,-0.4800000000000004,-0.35999999999999943,-0.88,0.2,2.3200000000000003,2.32
descending_ramp,0.785,-0.5600000000000005,-0.41999999999999993,-0.885,0.2,2.3150000000000004,2.315
descending_ramp,0.79,-0.6400000000000006,-0.4800000000000004,-0.89,0.2,2.31,2.31
descending_ramp,0.795,-0.7200000000000006,-0.5400000000000009,-0.895,0.2,2.305,2.305
descending_ramp,0.8,-0.8000000000000007,-0.6000000000000014,-0.9,0.2,2.3000000000000003,2.3
descending_ramp,0.805,-0.8800000000000008,-0.6600000000000001,-0.905,0.2,2.295,2.295
descending_ramp,0.8100000000000002,-0.9600000000000009,-0.7200000000000006,-0.9100000000000001,0.2,2.29,2.29
descending_ramp,0.8149999999999998,-1.0399999999999991,-0.7799999999999994,-0.9149999999999998,0.2,2.285,2.285
descending_ramp,0.82,-1.1199999999999992,-0.8399999999999999,-0.9199999999999999,0.2,2.2800000000000002,2.28
descending_ramp,0.825,-1.1999999999999993,-0.8999999999999986,-0.9249999999999999,0.2,2.2750000000000004,2.275
descending_ramp,0.8299999999999998,-1.2799999999999994,-0.9599999999999991,-0.9299999999999998,0.2,2.2700000000000005,2.27
descending_ramp,0.835,-1.3599999999999994,-1.0199999999999996,-0.9349999999999999,0.2,2.265,2.265
descending_ramp,0.8400000000000001,-1.4399999999999995,-1.08,-0.9400000000000001,0.2,2.2600000000000002,2.26
descending_ramp,0.845,-1.5199999999999996,-1.1400000000000006,-0.945,0.2,2.2550000000000003,2.255
descending_ramp,0.85,-1.5999999999999996,-1.1999999999999993,-0.95,0.2,2.25,2.25
descending_ramp,0.8550000000000001,-1.6799999999999997,-1.2599999999999998,-0.9550000000000001,0.2,2.245,2.245
descending_ramp,0.86,-1.7599999999999998,-1.3200000000000003,-0.96,0.2,2.24,2.24
descending_ramp,0.865,-1.8399999999999999,-1.379999999999999,-0.965,0.2,2.2350000000000003,2.235
descending_ramp,0.8699999999999999,-1.92,-1.4399999999999995,-0.9699999999999999,0.2,2.2300000000000004,2.23
descending_ramp,0.875,-2.0,-1.5,-0.975,0.2,2.225,2.225
descending_ramp,0.8800000000000001,-2.08,-1.5600000000000005,-0.9800000000000001,0.2,2.22,2.22
descending_ramp,0.885,-2.16,-1.620000000000001,-0.985,0.2,2.2150000000000003,2.215
descending_ramp,0.89,-2.24,-1.6799999999999997,-0.99,0.2,2.21,2.21
descending_ramp,0.8949999999999999,-2.3200000000000003,-1.7400000000000002,-0.9949999999999999,0.2,2.205,2.205
descending_ramp,0.9,-2.4000000000000004,-1.8000000000000007,-1.0,0.2,2.2,2.2
descending_ramp,0.905,-2.4800000000000004,-1.8599999999999994,-1.0050000000000001,0.2,2.1950000000000003,2.195
descending_ramp,0.9099999999999999,-2.5600000000000005,-1.92,-1.01,0.2,2.1900000000000004,2.19
descending_ramp,0.915,-2.6400000000000006,-1.9800000000000004,-1.0150000000000001,0.2,2.185,2.185
descending_ramp,0.9200000000000002,-2.7200000000000006,-2.040000000000001,-1.0200000000000002,0.2,2.1799999999999997,2.18
descending_ramp,0.925,-2.8000000000000007,-2.1000000000000014,-1.0250000000000001,0.2,2.175,2.175
descending_ramp,0.93,-2.880000000000001,-2.16,-1.03,0.2,2.17,2.17
descending_ramp,0.9350000000000002,-2.960000000000001,-2.2200000000000006,-1.0350000000000001,0.2,2.165,2.165
descending_ramp,0.9399999999999998,-3.039999999999999,-2.2799999999999994,-1.0399999999999998,0.2,2.16,2.16
descending_ramp,0.945,-3.119999999999999,-2.34,-1.045,0.2,2.1550000000000002,2.155
descending_ramp,0.95,-3.1999999999999993,-2.3999999999999986,-1.05,0.2,2.1500000000000004,2.15
descending_ramp,0.9549999999999998,-3.2799999999999994,-2.459999999999999,-1.055,0.2,2.1450000000000005,2.145
descending_ramp,0.96,-3.3599999999999994,-2.5199999999999996,-1.06,0.2,2.14,2.14
descending_ramp,0.9650000000000001,-3.4399999999999995,-2.58,-1.0650000000000002,0.2,2.135,2.135
descending_ramp,0.97,-3.5199999999999996,-2.6400000000000006,-1.07,0.2,2.13,2.13
descending_ramp,0.975,-3.5999999999999996,-2.6999999999999993,-1.075,0.2,2.125,2.125
descending_ramp,0.9800000000000001,-3.6799999999999997,-2.76,-1.08,0.2,2.12,2.12
descending_ramp,0.985,-3.76,-2.8200000000000003,-1.085,0.2,2.115,2.115
descending_ramp,0.99,-3.84,-2.879999999999999,-1.09,0.2,2.1100000000000003,2.11
descending_ramp,0.9949999999999999,-3.92,-2.9399999999999995,-1.095,0.2,2.1050000000000004,2.105
descending_ramp,1.0,-4.0,-3.0,-1.1,0.2,2.1,2.1
cell_crossings_inclined_plane,0.0050000000000000044,-3.92,-2.94,-0.203,-0.098,2.6990000000000003,2.699
cell_crossings_inclined_plane,0.010000000000000009,-3.84,-2.88,-0.20600000000000002,-0.096,2.698,2.698
cell_crossings_inclined_plane,0.015000000000000013,-3.76,-2.82,-0.20900000000000002,-0.094,2.697,2.697
cell_crossings_inclined_plane,0.02,-3.68,-2.76,-0.21200000000000002,-0.092,2.6959999999999997,2.696
cell_crossings_inclined_plane,0.02499999999999999,-3.6,-2.7,-0.215,-0.09000000000000001,2.6950000000000003,2.695
cell_crossings_inclined_plane,0.029999999999999992,-3.52,-2.64,-0.218,-0.08800000000000001,2.694,2.694
cell_crossings_inclined_plane,0.034999999999999996,-3.44,-2.58,-0.221,-0.086,2.693,2.693
cell_crossings_inclined_plane,0.04,-3.36,-2.52,-0.224,-0.08399999999999999,2.6919999999999997,2.692
cell_crossings_inclined_plane,0.04499999999999999,-3.2800000000000002,-2.46,-0.227,-0.082,2.6910000000000003,2.691
cell_crossings_inclined_plane,0.049999999999999996,-3.2,-2.4,-0.23,-0.08,2.69,2.69
cell_crossings_inclined_plane,0.05500000000000001,-3.12,-2.34,-0.233,-0.078,2.689,2.689
cell_crossings_inclined_plane,0.059999999999999984,-3.04,-2.2800000000000002,-0.23600000000000002,-0.07600000000000001,2.6879999999999997,2.688
cell_crossings_inclined_plane,0.06500000000000002,-2.96,-2.2199999999999998,-0.23900000000000002,-0.074,2.6870000000000003,2.687
cell_crossings_inclined_plane,0.06999999999999999,-2.88,-2.16,-0.24200000000000002,-0.07200000000000001,2.686,2.686
cell_crossings_inclined_plane,0.075,-2.8,-2.1,-0.24500000000000002,-0.07,2.685,2.685
cell_crossings_inclined_plane,0.08,-2.7199999999999998,-2.04,-0.24800000000000003,-0.068,2.6839999999999997,2.684
cell_crossings_inclined_plane,0.085,-2.6399999999999997,-1.98,-0.251,-0.066,2.6830000000000003,2.683
cell_crossings_inclined_plane,0.09,-2.56,-1.92,-0.254,-0.064,2.682,2.682
cell_crossings_inclined_plane,0.095,-2.48,-1.8599999999999999,-0.257,-0.062,2.681,2.681
cell_crossings_inclined_plane,0.1,-2.4,-1.7999999999999998,-0.26,-0.06,2.6799999999999997,2.68
cell_crossings_inclined_plane,0.10499999999999998,-2.3200000000000003,-1.74,-0.263,-0.057999999999999996,2.6790000000000003,2.679
cell_crossings_inclined_plane,0.10999999999999999,-2.24,-1.68,-0.266,-0.056,2.678,2.678
cell_crossings_inclined_plane,0.11499999999999999,-2.16,-1.6199999999999999,-0.269,-0.054,2.677,2.677
cell_crossings_inclined_plane,0.12,-2.08,-1.56,-0.272,-0.052000000000000005,2.676,2.676
cell_crossings_inclined_plane,0.125,-2.0,-1.5,-0.275,-0.05,2.6750000000000003,2.675
cell_crossings_inclined_plane,0.13,-1.92,-1.44,-0.278,-0.048,2.674,2.674
cell_crossings_inclined_plane,0.135,-1.8399999999999999,-1.38,-0.281,-0.046,2.673,2.673
cell_crossings_inclined_plane,0.14,-1.7599999999999998,-1.3199999999999998,-0.28400000000000003,-0.044,2.6719999999999997,2.672
cell_crossings_inclined_plane,0.145,-1.6800000000000002,-1.2600000000000002,-0.28700000000000003,-0.04200000000000001,2.6710000000000003,2.671
cell_crossings_inclined_plane,0.15,-1.6,-1.2000000000000002,-0.29000000000000004,-0.04000000000000001,2.67,2.67
cell_crossings_inclined_plane,0.155,-1.52,-1.1400000000000001,-0.29300000000000004,-0.038000000000000006,2.669,2.669
cell_crossings_inclined_plane,0.16,-1.44,-1.08,-0.29600000000000004,-0.036000000000000004,2.668,2.668
cell_crossings_inclined_plane,0.165,-1.3599999999999999,-1.02,-0.29900000000000004,-0.034,2.6670000000000003,2.667
cell_crossings_inclined_plane,0.17,-1.2799999999999998,-0.96,-0.30200000000000005,-0.032,2.666,2.666
cell_crossings_inclined_plane,0.175,-1.2000000000000002,-0.9000000000000004,-0.30500000000000005,-0.030000000000000013,2.665,2.665
cell_crossings_inclined_plane,0.18,-1.12,-0.8399999999999999,-0.30800000000000005,-0.028,2.6639999999999997,2.664
cell_crossings_inclined_plane,0.185,-1.04,-0.7800000000000002,-0.31100000000000005,-0.026000000000000006,2.6630000000000003,2.663
cell_crossings_inclined_plane,0.19,-0.96,-0.7199999999999998,-0.31400000000000006,-0.023999999999999994,2.662,2.662
cell_crossings_inclined_plane,0.195,-0.8799999999999999,-0.6600000000000001,-0.31700000000000006,-0.022000000000000002,2.661,2.661
cell_crossings_inclined_plane,0.2,-0.7999999999999998,-0.5999999999999996,-0.32000000000000006,-0.01999999999999999,2.66,2.66
cell_crossings_inclined_plane,0.205,-0.7200000000000002,-0.54,-0.323,-0.018000000000000002,2.6590000000000003,2.659
cell_crossings_inclined_plane,0.21000000000000002,-0.6400000000000001,-0.48,-0.32600000000000007,-0.016,2.658,2.658
cell_crossings_inclined_plane,0.215,-0.56,-0.41999999999999993,-0.329,-0.014,2.657,2.657
cell_crossings_inclined_plane,0.22000000000000003,-0.48,-0.3599999999999999,-0.3320000000000001,-0.011999999999999997,2.6559999999999997,2.656
cell_crossings_inclined_plane,0.225,-0.3999999999999999,-0.2999999999999998,-0.3350000000000001,-0.009999999999999995,2.6550000000000002,2.655
cell_crossings_inclined_plane,0.23000000000000004,-0.31999999999999984,-0.23999999999999977,-0.3380000000000001,-0.007999999999999993,2.654,2.654
cell_crossings_inclined_plane,0.23499999999999996,-0.2400000000000002,-0.18000000000000016,-0.34099999999999997,-0.006000000000000005,2.6529999999999996,2.653
cell_crossings_inclined_plane,0.24,-0.16000000000000014,-0.1200000000000001,-0.34400000000000003,-0.0040000000000000036,2.652,2.652
cell_crossings_inclined_plane,0.24500000000000002,-0.08000000000000007,-0.06000000000000005,-0.3470000000000001,-0.0020000000000000018,2.6510000000000002,2.651
cell_crossings_inclined_plane,0.25,0.0,0.0,-0.35000000000000003,0.0,2.65,2.65
cell_crossings_inclined_plane,0.255,0.08000000000000007,0.06000000000000005,-0.35300000000000004,0.0020000000000000018,2.6489999999999996,2.649
cell_crossings_inclined_plane,0.26,0.16000000000000014,0.1200000000000001,-0.35600000000000004,0.0040000000000000036,2.648,2.648
cell_crossings_inclined_plane,0.265,0.2400000000000002,0.18000000000000016,-0.35900000000000004,0.006000000000000005,2.6470000000000002,2.647
cell_crossings_inclined_plane,0.27,0.3200000000000003,0.2400000000000002,-0.36200000000000004,0.008000000000000007,2.646,2.646
cell_crossings_inclined_plane,0.275,0.40000000000000036,0.30000000000000027,-0.36500000000000005,0.010000000000000009,2.6449999999999996,2.645
cell_crossings_inclined_plane,0.28,0.4800000000000004,0.3600000000000003,-0.36800000000000005,0.01200000000000001,2.644,2.644
cell_crossings_inclined_plane,0.285,0.5599999999999996,0.41999999999999993,-0.371,0.013999999999999995,2.643,2.643
cell_crossings_inclined_plane,0.29,0.6399999999999997,0.47999999999999954,-0.374,0.015999999999999986,2.642,2.642
cell_crossings_inclined_plane,0.295,0.7199999999999998,0.54,-0.377,0.018,2.641,2.641
cell_crossings_inclined_plane,0.3,0.7999999999999998,0.5999999999999996,-0.38,0.01999999999999999,2.64,2.64
cell_crossings_inclined_plane,0.305,0.8799999999999999,0.6600000000000001,-0.383,0.022000000000000002,2.639,2.639
cell_crossings_inclined_plane,0.31,0.96,0.7199999999999998,-0.386,0.023999999999999994,2.638,2.638
cell_crossings_inclined_plane,0.315,1.04,0.7800000000000002,-0.389,0.026000000000000006,2.6369999999999996,2.637
cell_crossings_inclined_plane,0.32,1.12,0.8399999999999999,-0.392,0.028,2.636,2.636
cell_crossings_inclined_plane,0.325,1.2000000000000002,0.9000000000000004,-0.395,0.030000000000000013,2.635,2.635
cell_crossings_inclined_plane,0.33,1.2800000000000002,0.96,-0.398,0.032,2.634,2.634
cell_crossings_inclined_plane,0.335,1.3600000000000003,1.0200000000000005,-0.401,0.03400000000000001,2.633,2.633
cell_crossings_inclined_plane,0.34,1.4400000000000004,1.08,-0.404,0.036000000000000004,2.632,2.632
cell_crossings_inclined_plane,0.345,1.5199999999999996,1.1399999999999997,-0.40700000000000003,0.03799999999999999,2.631,2.631
cell_crossings_inclined_plane,0.35,1.5999999999999996,1.1999999999999993,-0.41000000000000003,0.03999999999999998,2.63,2.63
cell_crossings_inclined_plane,0.355,1.6799999999999997,1.2599999999999998,-0.41300000000000003,0.041999999999999996,2.6289999999999996,2.629
cell_crossings_inclined_plane,0.36,1.7599999999999998,1.3200000000000003,-0.41600000000000004,0.044000000000000004,2.628,2.628
cell_crossings_inclined_plane,0.365,1.8399999999999999,1.38,-0.41900000000000004,0.046,2.627,2.627
cell_crossings_inclined_plane,0.37,1.92,1.4399999999999995,-0.42200000000000004,0.04799999999999999,2.626,2.626
cell_crossings_inclined_plane,0.375,2.0,1.5,-0.42500000000000004,0.05,2.625,2.625
cell_crossings_inclined_plane,0.38,2.08,1.5600000000000005,-0.42800000000000005,0.05200000000000001,2.624,2.624
cell_crossings_inclined_plane,0.385,2.16,1.62,-0.43100000000000005,0.054000000000000006,2.6229999999999998,2.623
cell_crossings_inclined_plane,0.39,2.24,1.6799999999999997,-0.43400000000000005,0.056,2.622,2.622
cell_crossings_inclined_plane,0.395,2.3200000000000003,1.7400000000000002,-0.43700000000000006,0.05800000000000001,2.6209999999999996,2.621
cell_crossings_inclined_plane,0.4,2.4000000000000004,1.8000000000000007,-0.44000000000000006,0.060000000000000026,2.62,2.62
cell_crossings_inclined_plane,0.4050000000000001,2.4800000000000004,1.8600000000000003,-0.44300000000000006,0.06200000000000001,2.6189999999999998,2.619
cell_crossings_inclined_plane,0.41,2.5599999999999996,1.92,-0.44600000000000006,0.064,2.618,2.618
cell_crossings_inclined_plane,0.4149999999999999,2.6399999999999997,1.9799999999999995,-0.449,0.06599999999999999,2.617,2.617
cell_crossings_inclined_plane,0.42000000000000004,2.7199999999999998,2.04,-0.45200000000000007,0.068,2.616,2.616
cell_crossings_inclined_plane,0.425,2.8,2.0999999999999996,-0.455,0.06999999999999999,2.6149999999999998,2.615
cell_crossings_inclined_plane,0.43,2.88,2.16,-0.458,0.07200000000000001,2.614,2.614
cell_crossings_inclined_plane,0.43499999999999994,2.96,2.2199999999999998,-0.461,0.074,2.613,2.613
cell_crossings_inclined_plane,0.44000000000000006,3.04,2.2800000000000002,-0.4640000000000001,0.07600000000000001,2.612,2.612
cell_crossings_inclined_plane,0.445,3.12,2.34,-0.4670000000000001,0.078,2.6109999999999998,2.611
cell_crossings_inclined_plane,0.45,3.2,2.4000000000000004,-0.4700000000000001,0.08000000000000002,2.61,2.61
cell_crossings_inclined_plane,0.45499999999999996,3.2800000000000002,2.46,-0.47300000000000003,0.082,2.609,2.609
cell_crossings_inclined_plane,0.4600000000000001,3.3600000000000003,2.5200000000000005,-0.4760000000000001,0.08400000000000002,2.608,2.608
cell_crossings_inclined_plane,0.465,3.4400000000000004,2.58,-0.4790000000000001,0.08600000000000001,2.6069999999999998,2.607
cell_crossings_inclined_plane,0.4699999999999999,3.5199999999999996,2.6399999999999997,-0.482,0.088,2.606,2.606
cell_crossings_inclined_plane,0.475,3.5999999999999996,2.6999999999999993,-0.48500000000000004,0.08999999999999998,2.605,2.605
cell_crossings_inclined_plane,0.48,3.6799999999999997,2.76,-0.48800000000000004,0.092,2.604,2.604
cell_crossings_inclined_plane,0.485,3.76,2.8200000000000003,-0.49100000000000005,0.094,2.6029999999999998,2.603
cell_crossings_inclined_plane,0.49000000000000005,3.84,2.88,-0.4940000000000001,0.096,2.602,2.602
cell_crossings_inclined_plane,0.495,3.92,2.9399999999999995,-0.49700000000000005,0.09799999999999999,2.601,2.601
cell_crossings_inclined_plane,0.5,4.0,3.0,-0.5,0.1,2.6,2.6
cell_crossings_inclined_plane,0.505,4.08,3.0600000000000005,-0.5030000000000001,0.10200000000000001,2.5989999999999998,2.599
cell_crossings_inclined_plane,0.51,4.16,3.12,-0.506,0.10400000000000001,2.598,2.598
cell_crossings_inclined_plane,0.515,4.24,3.1799999999999997,-0.5090000000000001,0.10599999999999998,2.5969999999999995,2.597
cell_crossings_inclined_plane,0.52,4.32,3.24,-0.512,0.10800000000000001,2.596,2.596
cell_crossings_inclined_plane,0.525,4.4,3.3000000000000007,-0.5150000000000001,0.11000000000000001,2.5949999999999998,2.595
cell_crossings_inclined_plane,0.53,4.48,3.3600000000000003,-0.518,0.11200000000000002,2.5940000000000003,2.594
cell_crossings_inclined_plane,0.535,4.5600000000000005,3.42,-0.5210000000000001,0.11400000000000002,2.593,2.593
cell_crossings_inclined_plane,0.54,4.640000000000001,3.4800000000000004,-0.524,0.11600000000000002,2.592,2.592
cell_crossings_inclined_plane,0.545,4.720000000000001,3.540000000000001,-0.5270000000000001,0.11800000000000002,2.5909999999999997,2.591
cell_crossings_inclined_plane,0.55,4.800000000000001,3.6000000000000005,-0.53,0.12000000000000002,2.59,2.59
cell_crossings_inclined_plane,0.555,4.880000000000001,3.66,-0.5330000000000001,0.12200000000000001,2.5889999999999995,2.589
cell_crossings_inclined_plane,0.56,4.960000000000001,3.7200000000000006,-0.536,0.12400000000000003,2.588,2.588
cell_crossings_inclined_plane,0.565,5.039999999999999,3.7799999999999994,-0.539,0.12599999999999997,2.5869999999999997,2.587
cell_crossings_inclined_plane,0.57,5.119999999999999,3.84,-0.542,0.128,2.5860000000000003,2.586
cell_crossings_inclined_plane,0.575,5.199999999999999,3.8999999999999995,-0.545,0.12999999999999998,2.585,2.585
cell_crossings_inclined_plane,0.58,5.279999999999999,3.959999999999999,-0.548,0.13199999999999998,2.584,2.584
cell_crossings_inclined_plane,0.585,5.359999999999999,4.02,-0.551,0.134,2.5829999999999997,2.583
cell_crossings_inclined_plane,0.59,5.4399999999999995,4.08,-0.554,0.136,2.582,2.582
cell_crossings_inclined_plane,0.595,5.52,4.14,-0.557,0.138,2.581,2.581
cell_crossings_inclined_plane,0.6,5.6,4.199999999999999,-0.56,0.13999999999999999,2.58,2.58
cell_crossings_inclined_plane,0.605,5.68,4.26,-0.5630000000000001,0.142,2.5789999999999997,2.579
cell_crossings_inclined_plane,0.61,5.76,4.32,-0.5660000000000001,0.14400000000000002,2.5780000000000003,2.578
cell_crossings_inclined_plane,0.615,5.84,4.38,-0.5690000000000001,0.146,2.577,2.577
cell_crossings_inclined_plane,0.62,5.92,4.4399999999999995,-0.5720000000000001,0.148,2.576,2.576
cell_crossings_inclined_plane,0.625,6.0,4.5,-0.5750000000000001,0.15,2.5749999999999997,2.575
cell_crossings_inclined_plane,0.63,6.08,4.5600000000000005,-0.5780000000000001,0.15200000000000002,2.574,2.574
cell_crossings_inclined_plane,0.635,6.16,4.62,-0.5810000000000001,0.15400000000000003,2.573,2.573
cell_crossings_inclined_plane,0.64,6.24,4.68,-0.5840000000000001,0.156,2.572,2.572
cell_crossings_inclined_plane,0.645,6.32,4.74,-0.5870000000000001,0.15800000000000003,2.5709999999999997,2.571
cell_crossings_inclined_plane,0.65,6.4,4.800000000000001,-0.5900000000000001,0.16000000000000003,2.5700000000000003,2.57
cell_crossings_inclined_plane,0.655,6.48,4.86,-0.5930000000000001,0.16200000000000003,2.569,2.569
cell_crossings_inclined_plane,0.66,6.5600000000000005,4.92,-0.5960000000000001,0.164,2.568,2.568
cell_crossings_inclined_plane,0.665,6.640000000000001,4.98,-0.5990000000000001,0.166,2.5669999999999997,2.567
cell_crossings_inclined_plane,0.67,6.720000000000001,5.040000000000001,-0.6020000000000001,0.16800000000000004,2.566,2.566
cell_crossings_inclined_plane,0.675,6.800000000000001,5.100000000000001,-0.6050000000000001,0.17000000000000004,2.565,2.565
cell_crossings_inclined_plane,0.68,6.880000000000001,5.16,-0.6080000000000001,0.17200000000000001,2.564,2.564
cell_crossings_inclined_plane,0.685,6.960000000000001,5.220000000000001,-0.6110000000000001,0.17400000000000004,2.5629999999999997,2.563
cell_crossings_inclined_plane,0.69,7.039999999999999,5.279999999999999,-0.6140000000000001,0.176,2.5620000000000003,2.562
cell_crossings_inclined_plane,0.695,7.119999999999999,5.34,-0.617,0.178,2.561,2.561
cell_crossings_inclined_plane,0.7,7.199999999999999,5.399999999999999,-0.6200000000000001,0.17999999999999997,2.56,2.56
cell_crossings_inclined_plane,0.705,7.279999999999999,5.459999999999999,-0.623,0.18199999999999997,2.559,2.559
cell_crossings_inclined_plane,0.71,7.359999999999999,5.52,-0.6260000000000001,0.184,2.558,2.558
cell_crossings_inclined_plane,0.715,7.4399999999999995,5.58,-0.629,0.186,2.557,2.557
cell_crossings_inclined_plane,0.72,7.52,5.640000000000001,-0.6320000000000001,0.188,2.556,2.556
cell_crossings_inclined_plane,0.725,7.6,5.699999999999999,-0.635,0.19,2.5549999999999997,2.555
cell_crossings_inclined_plane,0.73,7.68,5.76,-0.6380000000000001,0.192,2.5540000000000003,2.554
cell_crossings_inclined_plane,0.735,7.76,5.82,-0.641,0.194,2.553,2.553
cell_crossings_inclined_plane,0.74,7.84,5.879999999999999,-0.6440000000000001,0.19599999999999998,2.552,2.552
cell_crossings_inclined_plane,0.745,7.92,5.9399999999999995,-0.647,0.198,2.551,2.551
cell_crossings_inclined_plane,0.75,8.0,6.0,-0.6500000000000001,0.2,2.55,2.55
cell_crossings_inclined_plane,0.755,8.08,6.0600000000000005,-0.653,0.202,2.549,2.549
cell_crossings_inclined_plane,0.76,8.16,6.120000000000001,-0.6560000000000001,0.20400000000000001,2.548,2.548
cell_crossings_inclined_plane,0.765,8.24,6.18,-0.659,0.20600000000000002,2.5469999999999997,2.547
cell_crossings_inclined_plane,0.77,8.32,6.24,-0.6620000000000001,0.20800000000000002,2.5460000000000003,2.546
cell_crossings_inclined_plane,0.775,8.4,6.300000000000001,-0.665,0.21000000000000002,2.545,2.545
cell_crossings_inclined_plane,0.78,8.48,6.359999999999999,-0.6680000000000001,0.21199999999999997,2.5439999999999996,2.544
cell_crossings_inclined_plane,0.785,8.56,6.42,-0.671,0.21400000000000002,2.543,2.543
cell_crossings_inclined_plane,0.79,8.64,6.48,-0.6740000000000002,0.21600000000000003,2.542,2.542
cell_crossings_inclined_plane,0.795,8.72,6.540000000000001,-0.677,0.21800000000000003,2.541,2.541
cell_crossings_inclined_plane,0.8,8.8,6.600000000000001,-0.6800000000000002,0.22000000000000003,2.54,2.54
cell_crossings_inclined_plane,0.805,8.88,6.66,-0.683,0.22200000000000003,2.5389999999999997,2.539
cell_crossings_inclined_plane,0.8100000000000002,8.96,6.720000000000001,-0.6860000000000002,0.22400000000000003,2.5380000000000003,2.538
cell_crossings_inclined_plane,0.8149999999999998,9.04,6.779999999999999,-0.6890000000000001,0.22599999999999998,2.537,2.537
cell_crossings_inclined_plane,0.82,9.12,6.84,-0.6920000000000001,0.22799999999999998,2.5359999999999996,2.536
cell_crossings_inclined_plane,0.825,9.2,6.899999999999999,-0.6950000000000001,0.22999999999999998,2.535,2.535
cell_crossings_inclined_plane,0.8299999999999998,9.28,6.959999999999999,-0.698,0.23199999999999998,2.5340000000000003,2.534
cell_crossings_inclined_plane,0.835,9.36,7.02,-0.7010000000000001,0.23399999999999999,2.533,2.533
cell_crossings_inclined_plane,0.8400000000000001,9.44,7.08,-0.7040000000000002,0.236,2.5319999999999996,2.532
cell_crossings_inclined_plane,0.845,9.52,7.140000000000001,-0.7070000000000001,0.238,2.5309999999999997,2.531
cell_crossings_inclined_plane,0.85,9.6,7.199999999999999,-0.71,0.24,2.5300000000000002,2.53
cell_crossings_inclined_plane,0.8550000000000001,9.68,7.26,-0.7130000000000001,0.242,2.529,2.529
cell_crossings_inclined_plane,0.86,9.76,7.32,-0.716,0.244,2.5279999999999996,2.528
cell_crossings_inclined_plane,0.865,9.84,7.379999999999999,-0.7190000000000001,0.246,2.527,2.527
cell_crossings_inclined_plane,0.8699999999999999,9.92,7.4399999999999995,-0.722,0.248,2.5260000000000002,2.526
cell_crossings_inclined_plane,0.875,10.0,7.5,-0.7250000000000001,0.25,2.525,2.525
cell_crossings_inclined_plane,0.8800000000000001,10.08,7.5600000000000005,-0.7280000000000002,0.252,2.5239999999999996,2.524
cell_crossings_inclined_plane,0.885,10.16,7.620000000000001,-0.7310000000000001,0.25400000000000006,2.5229999999999997,2.523
cell_crossings_inclined_plane,0.89,10.24,7.68,-0.7340000000000002,0.256,2.5220000000000002,2.522
cell_crossings_inclined_plane,0.8949999999999999,10.32,7.74,-0.7370000000000001,0.258,2.521,2.521
cell_crossings_inclined_plane,0.9,10.4,7.800000000000001,-0.7400000000000002,0.26,2.5199999999999996,2.52
cell_crossings_inclined_plane,0.905,10.48,7.859999999999999,-0.7430000000000001,0.262,2.519,2.519
cell_crossings_inclined_plane,0.9099999999999999,10.56,7.92,-0.746,0.264,2.5180000000000002,2.518
cell_crossings_inclined_plane,0.915,10.64,7.98,-0.7490000000000001,0.266,2.517,2.517
cell_crossings_inclined_plane,0.9200000000000002,10.72,8.040000000000001,-0.7520000000000002,0.268,2.5159999999999996,2.516
cell_crossings_inclined_plane,0.925,10.8,8.100000000000001,-0.7550000000000001,0.27,2.5149999999999997,2.515
cell_crossings_inclined_plane,0.93,10.88,8.16,-0.7580000000000002,0.272,2.5140000000000002,2.514
cell_crossings_inclined_plane,0.9350000000000002,10.96,8.22,-0.7610000000000001,0.274,2.513,2.513
cell_crossings_inclined_plane,0.9399999999999998,11.04,8.28,-0.764,0.276,2.5119999999999996,2.512
cell_crossings_inclined_plane,0.945,11.12,8.34,-0.7670000000000001,0.278,2.511,2.511
cell_crossings_inclined_plane,0.95,11.2,8.399999999999999,-0.77,0.27999999999999997,2.51,2.51
cell_crossings_inclined_plane,0.9549999999999998,11.28,8.459999999999999,-0.7729999999999999,0.282,2.5090000000000003,2.509
cell_crossings_inclined_plane,0.96,11.36,8.52,-0.776,0.284,2.508,2.508
cell_crossings_inclined_plane,0.9650000000000001,11.44,8.58,-0.7790000000000001,0.28600000000000003,2.5069999999999997,2.507
cell_crossings_inclined_plane,0.97,11.52,8.64,-0.782,0.28800000000000003,2.5060000000000002,2.506
cell_crossings_inclined_plane,0.975,11.6,8.7,-0.7850000000000001,0.29,2.505,2.505
cell_crossings_inclined_plane,0.9800000000000001,11.68,8.76,-0.7880000000000003,0.292,2.5039999999999996,2.504
cell_crossings_inclined_plane,0.985,11.76,8.82,-0.7910000000000001,0.294,2.503,2.503
cell_crossings_inclined_plane,0.99,11.84,8.879999999999999,-0.794,0.296,2.502,2.502
cell_crossings_inclined_plane,0.9949999999999999,11.92,8.94,-0.7969999999999999,0.298,2.5010000000000003,2.501
cell_crossings_inclined_plane,1.0,12.0,9.0,-0.8,0.3,2.5,2.5
xmin_boundary_inclined_plane,0.00833333333333334,-4.0,-2.9,-0.795,-0.098,2.107,2.107
xmin_boundary_inclined_plane,0.01666666666666668,-4.0,-2.8,-0.79,-0.096,2.114,2.114
xmin_boundary_inclined_plane,0.024999999999999984,-4.0,-2.7,-0.785,-0.094,2.121,2.121
xmin_boundary_inclined_plane,0.033333333333333326,-4.0,-2.6,-0.78,-0.092,2.128,2.128
xmin_boundary_inclined_plane,0.041666666666666664,-4.0,-2.5,-0.775,-0.09,2.1350000000000002,2.135
xmin_boundary_inclined_plane,0.05000000000000001,-4.0,-2.4,-0.77,-0.088,2.142,2.142
xmin_boundary_inclined_plane,0.05833333333333335,-4.0,-2.3,-0.765,-0.086,2.149,2.149
xmin_boundary_inclined_plane,0.06666666666666665,-4.0,-2.2,-0.76,-0.084,2.1559999999999997,2.156
xmin_boundary_inclined_plane,0.075,-4.0,-2.1,-0.755,-0.082,2.1630000000000003,2.163
xmin_boundary_inclined_plane,0.08333333333333333,-4.0,-2.0,-0.75,-0.08,2.17,2.17
xmin_boundary_inclined_plane,0.09166666666666666,-4.0,-1.9000000000000001,-0.745,-0.07800000000000001,2.177,2.177
xmin_boundary_inclined_plane,0.10000000000000002,-4.0,-1.7999999999999998,-0.74,-0.076,2.184,2.184
xmin_boundary_inclined_plane,0.10833333333333334,-4.0,-1.7,-0.735,-0.07400000000000001,2.1910000000000003,2.191
xmin_boundary_inclined_plane,0.11666666666666665,-4.0,-1.6,-0.73,-0.07200000000000001,2.198,2.198
xmin_boundary_inclined_plane,0.125,-4.0,-1.5,-0.7250000000000001,-0.07,2.205,2.205
xmin_boundary_inclined_plane,0.13333333333333333,-4.0,-1.4,-0.72,-0.068,2.2119999999999997,2.212
xmin_boundary_inclined_plane,0.14166666666666666,-4.0,-1.3,-0.7150000000000001,-0.066,2.2190000000000003,2.219
xmin_boundary_inclined_plane,0.15,-4.0,-1.2000000000000002,-0.7100000000000001,-0.064,2.226,2.226
xmin_boundary_inclined_plane,0.15833333333333333,-4.0,-1.1,-0.7050000000000001,-0.062,2.233,2.233
xmin_boundary_inclined_plane,0.16666666666666666,-4.0,-1.0,-0.7000000000000001,-0.06,2.2399999999999998,2.24
xmin_boundary_inclined_plane,0.17499999999999996,-4.0,-0.9000000000000004,-0.6950000000000001,-0.05800000000000001,2.247,2.247
xmin_boundary_inclined_plane,0.18333333333333332,-4.0,-0.8000000000000003,-0.6900000000000001,-0.05600000000000001,2.254,2.254
xmin_boundary_inclined_plane,0.19166666666666668,-4.0,-0.6999999999999997,-0.685,-0.05399999999999999,2.261,2.261
xmin_boundary_inclined_plane,0.20000000000000004,-4.0,-0.5999999999999996,-0.68,-0.05199999999999999,2.268,2.268
xmin_boundary_inclined_plane,0.20833333333333334,-4.0,-0.5,-0.675,-0.05,2.2750000000000004,2.275
xmin_boundary_inclined_plane,0.21666666666666667,-4.0,-0.3999999999999999,-0.67,-0.048,2.282,2.282
xmin_boundary_inclined_plane,0.225,-4.0,-0.2999999999999998,-0.665,-0.046,2.289,2.289
xmin_boundary_inclined_plane,0.2333333333333333,-4.0,-0.20000000000000018,-0.66,-0.044000000000000004,2.296,2.296
xmin_boundary_inclined_plane,0.24166666666666667,-4.0,-0.10000000000000009,-0.655,-0.042,2.303,2.303
xmin_boundary_inclined_plane,0.25,-4.0,0.0,-0.65,-0.04,2.31,2.31
xmin_boundary_inclined_plane,0.25833333333333336,-4.0,0.10000000000000053,-0.645,-0.03799999999999999,2.317,2.317
xmin_boundary_inclined_plane,0.26666666666666666,-4.0,0.20000000000000018,-0.64,-0.036,2.324,2.324
xmin_boundary_inclined_plane,0.275,-4.0,0.30000000000000027,-0.635,-0.033999999999999996,2.3310000000000004,2.331
xmin_boundary_inclined_plane,0.2833333333333333,-4.0,0.3999999999999999,-0.63,-0.032,2.338,2.338
xmin_boundary_inclined_plane,0.2916666666666667,-4.0,0.5,-0.625,-0.03,2.345,2.345
xmin_boundary_inclined_plane,0.3,-4.0,0.5999999999999996,-0.62,-0.028000000000000008,2.352,2.352
xmin_boundary_inclined_plane,0.30833333333333335,-4.0,0.7000000000000002,-0.615,-0.025999999999999995,2.359,2.359
xmin_boundary_inclined_plane,0.31666666666666665,-4.0,0.7999999999999998,-0.61,-0.024000000000000004,2.366,2.366
xmin_boundary_inclined_plane,0.325,-4.0,0.9000000000000004,-0.605,-0.021999999999999992,2.373,2.373
xmin_boundary_inclined_plane,0.3333333333333333,-4.0,1.0,-0.6000000000000001,-0.02,2.38,2.38
xmin_boundary_inclined_plane,0.3416666666666666,-4.0,1.0999999999999996,-0.5950000000000001,-0.01800000000000001,2.387,2.387
xmin_boundary_inclined_plane,0.3499999999999999,-4.0,1.1999999999999993,-0.5900000000000001,-0.016000000000000014,2.394,2.394
xmin_boundary_inclined_plane,0.35833333333333334,-4.0,1.2999999999999998,-0.585,-0.014000000000000005,2.4010000000000002,2.401
xmin_boundary_inclined_plane,0.36666666666666664,-4.0,1.3999999999999995,-0.5800000000000001,-0.01200000000000001,2.408,2.408
xmin_boundary_inclined_plane,0.375,-4.0,1.5,-0.575,-0.010000000000000002,2.415,2.415
xmin_boundary_inclined_plane,0.38333333333333336,-4.0,1.6000000000000005,-0.5700000000000001,-0.007999999999999986,2.4219999999999997,2.422
xmin_boundary_inclined_plane,0.39166666666666666,-4.0,1.7000000000000002,-0.565,-0.005999999999999998,2.4290000000000003,2.429
xmin_boundary_inclined_plane,0.4000000000000001,-4.0,1.8000000000000007,-0.5599999999999999,-0.003999999999999983,2.436,2.436
xmin_boundary_inclined_plane,0.4083333333333334,-4.0,1.9000000000000004,-0.5549999999999999,-0.001999999999999995,2.4430000000000005,2.443
xmin_boundary_inclined_plane,0.4166666666666667,-4.0,2.0,-0.55,0.0,2.45,2.45
xmin_boundary_inclined_plane,0.425,-4.0,2.0999999999999996,-0.545,0.001999999999999995,2.457,2.457
xmin_boundary_inclined_plane,0.43333333333333335,-4.0,2.2,-0.54,0.0040000000000000036,2.464,2.464
xmin_boundary_inclined_plane,0.44166666666666665,-4.0,2.3,-0.535,0.005999999999999998,2.4709999999999996,2.471
xmin_boundary_inclined_plane,0.45,-4.0,2.4000000000000004,-0.53,0.008000000000000007,2.4779999999999998,2.478
xmin_boundary_inclined_plane,0.4583333333333333,-4.0,2.5,-0.525,0.010000000000000002,2.485,2.485
xmin_boundary_inclined_plane,0.4666666666666666,-4.0,2.5999999999999996,-0.52,0.01199999999999999,2.492,2.492
xmin_boundary_inclined_plane,0.4749999999999999,-4.0,2.6999999999999993,-0.5150000000000001,0.013999999999999985,2.4989999999999997,2.499
xmin_boundary_inclined_plane,0.48333333333333334,-4.0,2.8,-0.51,0.015999999999999993,2.5060000000000002,2.506
xmin_boundary_inclined_plane,0.49166666666666664,-4.0,2.8999999999999995,-0.505,0.017999999999999988,2.513,2.513
xmin_boundary_inclined_plane,0.5,-4.0,3.0,-0.5,0.019999999999999997,2.52,2.52
xmin_boundary_inclined_plane,0.5083333333333333,-4.0,3.0999999999999996,-0.495,0.021999999999999992,2.5269999999999997,2.527
xmin_boundary_inclined_plane,0.5166666666666667,-4.0,3.200000000000001,-0.49,0.024000000000000028,2.534,2.534
xmin_boundary_inclined_plane,0.525,-4.0,3.3000000000000007,-0.485,0.026000000000000016,2.541,2.541
xmin_boundary_inclined_plane,0.5333333333333333,-4.0,3.4000000000000004,-0.48,0.028000000000000004,2.548,2.548
xmin_boundary_inclined_plane,0.5416666666666666,-4.0,3.5,-0.47500000000000003,0.030000000000000006,2.5549999999999997,2.555
xmin_boundary_inclined_plane,0.55,-4.0,3.6000000000000005,-0.47,0.03200000000000001,2.5620000000000003,2.562
xmin_boundary_inclined_plane,0.5583333333333333,-4.0,3.7,-0.46499999999999997,0.03400000000000001,2.569,2.569
xmin_boundary_inclined_plane,0.5666666666666667,-4.0,3.8,-0.46,0.036,2.576,2.576
xmin_boundary_inclined_plane,0.575,-4.0,3.8999999999999995,-0.455,0.037999999999999985,2.5829999999999997,2.583
xmin_boundary_inclined_plane,0.5833333333333334,-4.0,4.0,-0.44999999999999996,0.04,2.59,2.59
xmin_boundary_inclined_plane,0.5916666666666667,-4.0,4.1,-0.445,0.04199999999999999,2.597,2.597
xmin_boundary_inclined_plane,0.6,-4.0,4.199999999999999,-0.44,0.04399999999999999,2.604,2.604
xmin_boundary_inclined_plane,0.6083333333333333,-4.0,4.299999999999999,-0.435,0.04599999999999998,2.6109999999999998,2.611
xmin_boundary_inclined_plane,0.6166666666666667,-4.0,4.4,-0.43,0.04800000000000001,2.618,2.618
xmin_boundary_inclined_plane,0.625,-4.0,4.5,-0.425,0.049999999999999996,2.625,2.625
xmin_boundary_inclined_plane,0.6333333333333333,-4.0,4.6,-0.42,0.052,2.632,2.632
xmin_boundary_inclined_plane,0.6416666666666667,-4.0,4.700000000000001,-0.415,0.05400000000000003,2.639,2.639
xmin_boundary_inclined_plane,0.65,-4.0,4.800000000000001,-0.41,0.056000000000000015,2.646,2.646
xmin_boundary_inclined_plane,0.6583333333333333,-4.0,4.9,-0.40499999999999997,0.058,2.653,2.653
xmin_boundary_inclined_plane,0.6666666666666666,-4.0,5.0,-0.4,0.060000000000000005,2.66,2.66
xmin_boundary_inclined_plane,0.6750000000000002,-4.0,5.100000000000001,-0.3949999999999999,0.062000000000000034,2.667,2.667
xmin_boundary_inclined_plane,0.6833333333333332,-4.0,5.199999999999999,-0.39000000000000007,0.06399999999999997,2.674,2.674
xmin_boundary_inclined_plane,0.6916666666666668,-4.0,5.300000000000001,-0.3849999999999999,0.066,2.681,2.681
xmin_boundary_inclined_plane,0.6999999999999998,-4.0,5.399999999999999,-0.38000000000000006,0.06799999999999998,2.688,2.688
xmin_boundary_inclined_plane,0.7083333333333334,-4.0,5.5,-0.37499999999999994,0.07,2.695,2.695
xmin_boundary_inclined_plane,0.7166666666666667,-4.0,5.6,-0.37,0.07199999999999998,2.702,2.702
xmin_boundary_inclined_plane,0.725,-4.0,5.699999999999999,-0.365,0.07399999999999998,2.7089999999999996,2.709
xmin_boundary_inclined_plane,0.7333333333333333,-4.0,5.799999999999999,-0.36,0.07599999999999998,2.716,2.716
xmin_boundary_inclined_plane,0.7416666666666667,-4.0,5.9,-0.355,0.07800000000000001,2.723,2.723
xmin_boundary_inclined_plane,0.75,-4.0,6.0,-0.35,0.07999999999999999,2.73,2.73
xmin_boundary_inclined_plane,0.7583333333333333,-4.0,6.1,-0.345,0.08199999999999999,2.737,2.737
xmin_boundary_inclined_plane,0.7666666666666667,-4.0,6.200000000000001,-0.33999999999999997,0.08400000000000002,2.744,2.744
xmin_boundary_inclined_plane,0.775,-4.0,6.300000000000001,-0.33499999999999996,0.08600000000000002,2.751,2.751
xmin_boundary_inclined_plane,0.7833333333333333,-4.0,6.4,-0.32999999999999996,0.088,2.758,2.758
xmin_boundary_inclined_plane,0.7916666666666666,-4.0,6.5,-0.325,0.09,2.7649999999999997,2.765
xmin_boundary_inclined_plane,0.8000000000000002,-4.0,6.600000000000001,-0.3199999999999999,0.09200000000000003,2.7720000000000002,2.772
xmin_boundary_inclined_plane,0.8083333333333332,-4.0,6.699999999999999,-0.31500000000000006,0.09399999999999997,2.779,2.779
xmin_boundary_inclined_plane,0.8166666666666668,-4.0,6.800000000000001,-0.3099999999999999,0.096,2.786,2.786
xmin_boundary_inclined_plane,0.8249999999999998,-4.0,6.899999999999999,-0.30500000000000005,0.09799999999999998,2.7929999999999997,2.793
xmin_boundary_inclined_plane,0.8333333333333334,-4.0,7.0,-0.29999999999999993,0.1,2.8000000000000003,2.8
xmin_boundary_inclined_plane,0.8416666666666667,-4.0,7.1,-0.29499999999999993,0.10199999999999998,2.807,2.807
xmin_boundary_inclined_plane,0.85,-4.0,7.199999999999999,-0.29000000000000004,0.10399999999999998,2.814,2.814
xmin_boundary_inclined_plane,0.8583333333333333,-4.0,7.299999999999999,-0.28500000000000003,0.10599999999999998,2.8209999999999997,2.821
xmin_boundary_inclined_plane,0.8666666666666667,-4.0,7.4,-0.2799999999999999,0.10800000000000001,2.8280000000000003,2.828
xmin_boundary_inclined_plane,0.875,-4.0,7.5,-0.2749999999999999,0.10999999999999999,2.835,2.835
xmin_boundary_inclined_plane,0.8833333333333333,-4.0,7.6,-0.27,0.11199999999999999,2.842,2.842
xmin_boundary_inclined_plane,0.8916666666666667,-4.0,7.700000000000001,-0.2649999999999999,0.11400000000000002,2.849,2.849
xmin_boundary_inclined_plane,0.9,-4.0,7.800000000000001,-0.2599999999999999,0.11600000000000002,2.8560000000000003,2.856
xmin_boundary_inclined_plane,0.9083333333333333,-4.0,7.9,-0.255,0.118,2.863,2.863
xmin_boundary_inclined_plane,0.9166666666666666,-4.0,8.0,-0.25,0.12,2.87,2.87
xmin_boundary_inclined_plane,0.9250000000000002,-4.0,8.100000000000001,-0.24499999999999988,0.12200000000000003,2.877,2.877
xmin_boundary_inclined_plane,0.9333333333333332,-4.0,8.2,-0.24,0.12399999999999997,2.8840000000000003,2.884
xmin_boundary_inclined_plane,0.9416666666666668,-4.0,8.3,-0.23499999999999988,0.126,2.891,2.891
xmin_boundary_inclined_plane,0.9499999999999998,-4.0,8.399999999999999,-0.2300000000000001,0.12799999999999997,2.898,2.898
xmin_boundary_inclined_plane,0.9583333333333334,-4.0,8.5,-0.22499999999999998,0.13,2.905,2.905
xmin_boundary_inclined_plane,0.9666666666666667,-4.0,8.6,-0.21999999999999997,0.13199999999999998,2.912,2.912
xmin_boundary_inclined_plane,0.975,-4.0,8.7,-0.21499999999999997,0.13399999999999998,2.919,2.919
xmin_boundary_inclined_plane,0.9833333333333333,-4.0,8.799999999999999,-0.20999999999999996,0.13599999999999998,2.926,2.926
xmin_boundary_inclined_plane,0.9916666666666667,-4.0,8.9,-0.20499999999999996,0.138,2.933,2.933
xmin_boundary_inclined_plane,1.0,-4.0,9.0,-0.19999999999999996,0.13999999999999999,2.9400000000000004,2.94
xmax_boundary_inclined_plane,0.008333333333333304,12.0,8.9,-0.205,0.29800000000000004,3.093,3.093
xmax_boundary_inclined_plane,0.016666666666666607,12.0,8.8,-0.20999999999999996,0.29600000000000004,3.0860000000000003,3.086
xmax_boundary_inclined_plane,0.02500000000000006,12.0,8.7,-0.21500000000000005,0.294,3.079,3.079
xmax_boundary_inclined_plane,0.03333333333333336,12.0,8.6,-0.22000000000000003,0.292,3.0719999999999996,3.072
xmax_boundary_inclined_plane,0.041666666666666664,12.0,8.5,-0.225,0.29000000000000004,3.065,3.065
xmax_boundary_inclined_plane,0.04999999999999997,12.0,8.4,-0.22999999999999998,0.28800000000000003,3.0580000000000003,3.058
xmax_boundary_inclined_plane,0.05833333333333327,12.0,8.3,-0.235,0.28600000000000003,3.051,3.051
xmax_boundary_inclined_plane,0.06666666666666672,12.0,8.2,-0.24000000000000005,0.284,3.0439999999999996,3.044
xmax_boundary_inclined_plane,0.07500000000000002,12.0,8.1,-0.24500000000000002,0.28200000000000003,3.037,3.037
xmax_boundary_inclined_plane,0.08333333333333333,12.0,8.0,-0.25,0.28,3.0300000000000002,3.03
xmax_boundary_inclined_plane,0.09166666666666663,12.0,7.9,-0.255,0.278,3.023,3.023
xmax_boundary_inclined_plane,0.10000000000000002,12.0,7.8,-0.26,0.276,3.016,3.016
xmax_boundary_inclined_plane,0.10833333333333332,12.0,7.7,-0.265,0.274,3.009,3.009
xmax_boundary_inclined_plane,0.1166666666666667,12.0,7.6,-0.27,0.272,3.0020000000000002,3.002
xmax_boundary_inclined_plane,0.125,12.0,7.5,-0.275,0.27,2.995,2.995
xmax_boundary_inclined_plane,0.1333333333333333,12.0,7.4,-0.28,0.268,2.9879999999999995,2.988
xmax_boundary_inclined_plane,0.1416666666666667,12.0,7.3,-0.28500000000000003,0.266,2.981,2.981
xmax_boundary_inclined_plane,0.15,12.0,7.2,-0.29000000000000004,0.264,2.974,2.974
xmax_boundary_inclined_plane,0.15833333333333335,12.0,7.1,-0.29500000000000004,0.262,2.967,2.967
xmax_boundary_inclined_plane,0.16666666666666666,12.0,7.0,-0.30000000000000004,0.26,2.96,2.96
xmax_boundary_inclined_plane,0.17499999999999996,12.0,6.9,-0.305,0.258,2.953,2.953
xmax_boundary_inclined_plane,0.18333333333333326,12.0,6.800000000000001,-0.31,0.256,2.946,2.946
xmax_boundary_inclined_plane,0.19166666666666674,12.0,6.699999999999999,-0.31500000000000006,0.254,2.939,2.939
xmax_boundary_inclined_plane,0.20000000000000004,12.0,6.6,-0.32000000000000006,0.252,2.9319999999999995,2.932
xmax_boundary_inclined_plane,0.20833333333333334,12.0,6.5,-0.32500000000000007,0.25,2.925,2.925
xmax_boundary_inclined_plane,0.21666666666666665,12.0,6.4,-0.33,0.248,2.918,2.918
xmax_boundary_inclined_plane,0.225,12.0,6.3,-0.3350000000000001,0.246,2.911,2.911
xmax_boundary_inclined_plane,0.2333333333333333,12.0,6.2,-0.34,0.244,2.904,2.904
xmax_boundary_inclined_plane,0.2416666666666667,12.0,6.1,-0.3450000000000001,0.242,2.897,2.897
xmax_boundary_inclined_plane,0.25,12.0,6.0,-0.35000000000000003,0.24,2.89,2.89
xmax_boundary_inclined_plane,0.25833333333333336,12.0,5.8999999999999995,-0.35500000000000004,0.238,2.883,2.883
xmax_boundary_inclined_plane,0.26666666666666666,12.0,5.8,-0.36000000000000004,0.236,2.876,2.876
xmax_boundary_inclined_plane,0.2750000000000001,12.0,5.699999999999999,-0.3650000000000001,0.23399999999999999,2.8689999999999998,2.869
xmax_boundary_inclined_plane,0.2833333333333334,12.0,5.6,-0.3700000000000001,0.23199999999999998,2.862,2.862
xmax_boundary_inclined_plane,0.2916666666666667,12.0,5.5,-0.37500000000000006,0.22999999999999998,2.855,2.855
xmax_boundary_inclined_plane,0.3,12.0,5.4,-0.38,0.228,2.8480000000000003,2.848
xmax_boundary_inclined_plane,0.30833333333333335,12.0,5.3,-0.385,0.22599999999999998,2.841,2.841
xmax_boundary_inclined_plane,0.31666666666666665,12.0,5.2,-0.39,0.224,2.834,2.834
xmax_boundary_inclined_plane,0.325,12.0,5.1,-0.395,0.22199999999999998,2.827,2.827
xmax_boundary_inclined_plane,0.3333333333333333,12.0,5.0,-0.4,0.22,2.8200000000000003,2.82
xmax_boundary_inclined_plane,0.3416666666666666,12.0,4.9,-0.405,0.218,2.8129999999999997,2.813
xmax_boundary_inclined_plane,0.3499999999999999,12.0,4.800000000000001,-0.41000000000000003,0.21600000000000003,2.806,2.806
xmax_boundary_inclined_plane,0.35833333333333334,12.0,4.7,-0.41500000000000004,0.214,2.799,2.799
xmax_boundary_inclined_plane,0.36666666666666664,12.0,4.6000000000000005,-0.42000000000000004,0.21200000000000002,2.7920000000000003,2.792
xmax_boundary_inclined_plane,0.375,12.0,4.5,-0.42500000000000004,0.21,2.785,2.785
xmax_boundary_inclined_plane,0.38333333333333336,12.0,4.3999999999999995,-0.43000000000000005,0.208,2.778,2.778
xmax_boundary_inclined_plane,0.39166666666666666,12.0,4.3,-0.43500000000000005,0.206,2.771,2.771
xmax_boundary_inclined_plane,0.4000000000000001,12.0,4.199999999999999,-0.44000000000000006,0.204,2.7640000000000002,2.764
xmax_boundary_inclined_plane,0.4083333333333334,12.0,4.1,-0.44500000000000006,0.20199999999999999,2.7569999999999997,2.757
xmax_boundary_inclined_plane,0.4166666666666667,12.0,4.0,-0.45000000000000007,0.2,2.75,2.75
xmax_boundary_inclined_plane,0.425,12.0,3.9000000000000004,-0.455,0.198,2.743,2.743
xmax_boundary_inclined_plane,0.43333333333333335,12.0,3.8,-0.4600000000000001,0.196,2.736,2.736
xmax_boundary_inclined_plane,0.44166666666666665,12.0,3.7,-0.465,0.194,2.729,2.729
xmax_boundary_inclined_plane,0.45,12.0,3.5999999999999996,-0.4700000000000001,0.192,2.722,2.722
xmax_boundary_inclined_plane,0.4583333333333333,12.0,3.5,-0.47500000000000003,0.19,2.715,2.715
xmax_boundary_inclined_plane,0.4666666666666666,12.0,3.4000000000000004,-0.48000000000000004,0.188,2.708,2.708
xmax_boundary_inclined_plane,0.4749999999999999,12.0,3.3000000000000007,-0.485,0.186,2.701,2.701
xmax_boundary_inclined_plane,0.48333333333333334,12.0,3.2,-0.49000000000000005,0.184,2.694,2.694
xmax_boundary_inclined_plane,0.49166666666666664,12.0,3.1000000000000005,-0.49500000000000005,0.182,2.687,2.687
xmax_boundary_inclined_plane,0.5,12.0,3.0,-0.5,0.18,2.68,2.68
xmax_boundary_inclined_plane,0.5083333333333333,12.0,2.9000000000000004,-0.5050000000000001,0.178,2.673,2.673
xmax_boundary_inclined_plane,0.5166666666666667,12.0,2.799999999999999,-0.51,0.176,2.6660000000000004,2.666
xmax_boundary_inclined_plane,0.525,12.0,2.6999999999999993,-0.5150000000000001,0.174,2.659,2.659
xmax_boundary_inclined_plane,0.5333333333333333,12.0,2.5999999999999996,-0.52,0.172,2.652,2.652
xmax_boundary_inclined_plane,0.5416666666666666,12.0,2.5,-0.525,0.16999999999999998,2.645,2.645
xmax_boundary_inclined_plane,0.55,12.0,2.3999999999999995,-0.53,0.16799999999999998,2.638,2.638
xmax_boundary_inclined_plane,0.5583333333333333,12.0,2.3,-0.5350000000000001,0.16599999999999998,2.631,2.631
xmax_boundary_inclined_plane,0.5666666666666667,12.0,2.2,-0.54,0.164,2.624,2.624
xmax_boundary_inclined_plane,0.575,12.0,2.1000000000000005,-0.545,0.162,2.617,2.617
xmax_boundary_inclined_plane,0.5833333333333334,12.0,2.0,-0.55,0.16,2.6100000000000003,2.61
xmax_boundary_inclined_plane,0.5916666666666667,12.0,1.9000000000000004,-0.555,0.158,2.6029999999999998,2.603
xmax_boundary_inclined_plane,0.6,12.0,1.8000000000000007,-0.56,0.15600000000000003,2.596,2.596
xmax_boundary_inclined_plane,0.6083333333333333,12.0,1.700000000000001,-0.5650000000000001,0.15400000000000003,2.589,2.589
xmax_boundary_inclined_plane,0.6166666666666667,12.0,1.5999999999999996,-0.5700000000000001,0.152,2.582,2.582
xmax_boundary_inclined_plane,0.625,12.0,1.5,-0.5750000000000001,0.15,2.5749999999999997,2.575
xmax_boundary_inclined_plane,0.6333333333333333,12.0,1.4000000000000004,-0.5800000000000001,0.148,2.568,2.568
xmax_boundary_inclined_plane,0.6416666666666667,12.0,1.299999999999999,-0.5850000000000001,0.14599999999999996,2.561,2.561
xmax_boundary_inclined_plane,0.65,12.0,1.1999999999999993,-0.5900000000000001,0.144,2.5540000000000003,2.554
xmax_boundary_inclined_plane,0.6583333333333333,12.0,1.0999999999999996,-0.5950000000000001,0.142,2.5469999999999997,2.547
xmax_boundary_inclined_plane,0.6666666666666666,12.0,1.0,-0.6000000000000001,0.13999999999999999,2.54,2.54
xmax_boundary_inclined_plane,0.6750000000000002,12.0,0.8999999999999986,-0.6050000000000002,0.13799999999999996,2.5329999999999995,2.533
xmax_boundary_inclined_plane,0.6833333333333332,12.0,0.8000000000000007,-0.61,0.136,2.5260000000000002,2.526
xmax_boundary_inclined_plane,0.6916666666666668,12.0,0.6999999999999993,-0.6150000000000002,0.13399999999999998,2.5189999999999997,2.519
xmax_boundary_inclined_plane,0.6999999999999998,12.0,0.6000000000000014,-0.62,0.13200000000000003,2.512,2.512
xmax_boundary_inclined_plane,0.7083333333333334,12.0,0.5,-0.6250000000000001,0.13,2.505,2.505
xmax_boundary_inclined_plane,0.7166666666666667,12.0,0.40000000000000036,-0.6300000000000001,0.128,2.498,2.498
xmax_boundary_inclined_plane,0.725,12.0,0.3000000000000007,-0.635,0.126,2.4909999999999997,2.491
xmax_boundary_inclined_plane,0.7333333333333333,12.0,0.20000000000000107,-0.6400000000000001,0.12400000000000001,2.484,2.484
xmax_boundary_inclined_plane,0.7416666666666667,12.0,0.09999999999999964,-0.645,0.12199999999999998,2.477,2.477
xmax_boundary_inclined_plane,0.75,12.0,0.0,-0.6500000000000001,0.12,2.4699999999999998,2.47
xmax_boundary_inclined_plane,0.7583333333333333,12.0,-0.09999999999999964,-0.655,0.11800000000000001,2.463,2.463
xmax_boundary_inclined_plane,0.7666666666666667,12.0,-0.20000000000000107,-0.6600000000000001,0.11599999999999998,2.456,2.456
xmax_boundary_inclined_plane,0.775,12.0,-0.3000000000000007,-0.665,0.11399999999999998,2.449,2.449
xmax_boundary_inclined_plane,0.7833333333333333,12.0,-0.40000000000000036,-0.6700000000000002,0.11199999999999999,2.442,2.442
xmax_boundary_inclined_plane,0.7916666666666666,12.0,-0.5,-0.675,0.11,2.4349999999999996,2.435
xmax_boundary_inclined_plane,0.8000000000000002,12.0,-0.6000000000000014,-0.6800000000000002,0.10799999999999997,2.428,2.428
xmax_boundary_inclined_plane,0.8083333333333332,12.0,-0.6999999999999993,-0.685,0.10600000000000001,2.421,2.421
xmax_boundary_inclined_plane,0.8166666666666668,12.0,-0.8000000000000007,-0.6900000000000002,0.10399999999999998,2.4139999999999997,2.414
xmax_boundary_inclined_plane,0.8249999999999998,12.0,-0.8999999999999986,-0.6950000000000001,0.10200000000000002,2.407,2.407
xmax_boundary_inclined_plane,0.8333333333333334,12.0,-1.0,-0.7000000000000002,0.09999999999999999,2.4,2.4
xmax_boundary_inclined_plane,0.8416666666666667,12.0,-1.0999999999999996,-0.7050000000000001,0.098,2.393,2.393
xmax_boundary_inclined_plane,0.85,12.0,-1.1999999999999993,-0.71,0.096,2.386,2.386
xmax_boundary_inclined_plane,0.8583333333333333,12.0,-1.299999999999999,-0.7150000000000001,0.09400000000000001,2.3789999999999996,2.379
xmax_boundary_inclined_plane,0.8666666666666667,12.0,-1.4000000000000004,-0.7200000000000002,0.09199999999999998,2.372,2.372
xmax_boundary_inclined_plane,0.875,12.0,-1.5,-0.7250000000000001,0.09,2.3649999999999998,2.365
xmax_boundary_inclined_plane,0.8833333333333333,12.0,-1.5999999999999996,-0.73,0.088,2.358,2.358
xmax_boundary_inclined_plane,0.8916666666666667,12.0,-1.700000000000001,-0.7350000000000001,0.08599999999999997,2.351,2.351
xmax_boundary_inclined_plane,0.9,12.0,-1.8000000000000007,-0.7400000000000002,0.08399999999999998,2.344,2.344
xmax_boundary_inclined_plane,0.9083333333333333,12.0,-1.9000000000000004,-0.7450000000000001,0.08199999999999999,2.3369999999999997,2.337
xmax_boundary_inclined_plane,0.9166666666666666,12.0,-2.0,-0.75,0.07999999999999999,2.33,2.33
xmax_boundary_inclined_plane,0.9250000000000002,12.0,-2.1000000000000014,-0.7550000000000001,0.07799999999999996,2.3229999999999995,2.323
xmax_boundary_inclined_plane,0.9333333333333332,12.0,-2.1999999999999993,-0.76,0.07600000000000001,2.316,2.316
xmax_boundary_inclined_plane,0.9416666666666668,12.0,-2.3000000000000007,-0.7650000000000001,0.07399999999999998,2.3089999999999997,2.309
xmax_boundary_inclined_plane,0.9499999999999998,12.0,-2.3999999999999986,-0.77,0.07200000000000002,2.302,2.302
xmax_boundary_inclined_plane,0.9583333333333334,12.0,-2.5,-0.7750000000000001,0.06999999999999999,2.295,2.295
xmax_boundary_inclined_plane,0.9666666666666667,12.0,-2.5999999999999996,-0.78,0.068,2.2880000000000003,2.288
xmax_boundary_inclined_plane,0.975,12.0,-2.6999999999999993,-0.7850000000000001,0.066,2.2809999999999997,2.281
xmax_boundary_inclined_plane,0.9833333333333333,12.0,-2.799999999999999,-0.79,0.06400000000000002,2.274,2.274
xmax_boundary_inclined_plane,0.9916666666666667,12.0,-2.9000000000000004,-0.7950000000000002,0.061999999999999986,2.2669999999999995,2.267
xmax_boundary_inclined_plane,1.0,12.0,-3.0,-0.8,0.06,2.26,2.26
ymax_boundary_inclined_plane,0.006249999999999978,11.9,9.0,-0.79625,0.299,2.50275,2.50275
ymax_boundary_inclined_plane,0.012499999999999956,11.8,9.0,-0.7925000000000001,0.298,2.5055,2.5055
ymax_boundary_inclined_plane,0.018750000000000044,11.7,9.0,-0.7887500000000001,0.297,2.5082500000000003,2.50825
ymax_boundary_inclined_plane,0.025000000000000022,11.6,9.0,-0.785,0.296,2.5109999999999997,2.511
ymax_boundary_inclined_plane,0.03125,11.5,9.0,-0.78125,0.295,2.51375,2.51375
ymax_boundary_inclined_plane,0.03749999999999998,11.4,9.0,-0.7775000000000001,0.294,2.5164999999999997,2.5165
ymax_boundary_inclined_plane,0.043749999999999956,11.3,9.0,-0.77375,0.293,2.51925,2.51925
ymax_boundary_inclined_plane,0.050000000000000044,11.2,9.0,-0.77,0.292,2.522,2.522
ymax_boundary_inclined_plane,0.05625000000000002,11.1,9.0,-0.76625,0.291,2.52475,2.52475
ymax_boundary_inclined_plane,0.0625,11.0,9.0,-0.7625000000000001,0.29,2.5275,2.5275
ymax_boundary_inclined_plane,0.06874999999999998,10.9,9.0,-0.75875,0.289,2.53025,2.53025
ymax_boundary_inclined_plane,0.07499999999999996,10.8,9.0,-0.7550000000000001,0.28800000000000003,2.5330000000000004,2.533
ymax_boundary_inclined_plane,0.08125000000000004,10.7,9.0,-0.75125,0.287,2.53575,2.53575
ymax_boundary_inclined_plane,0.08750000000000002,10.6,9.0,-0.7475,0.286,2.5385,2.5385
ymax_boundary_inclined_plane,0.09375,10.5,9.0,-0.74375,0.285,2.5412500000000002,2.54125
ymax_boundary_inclined_plane,0.09999999999999998,10.4,9.0,-0.74,0.28400000000000003,2.5439999999999996,2.544
ymax_boundary_inclined_plane,0.10624999999999996,10.3,9.0,-0.7362500000000001,0.28300000000000003,2.54675,2.54675
ymax_boundary_inclined_plane,0.11250000000000004,10.2,9.0,-0.7325,0.282,2.5495,2.5495
ymax_boundary_inclined_plane,0.11875000000000002,10.1,9.0,-0.72875,0.28099999999999997,2.55225,2.55225
ymax_boundary_inclined_plane,0.125,10.0,9.0,-0.7250000000000001,0.28,2.555,2.555
ymax_boundary_inclined_plane,0.13124999999999998,9.9,9.0,-0.7212500000000001,0.279,2.55775,2.55775
ymax_boundary_inclined_plane,0.13749999999999996,9.8,9.0,-0.7175,0.278,2.5605,2.5605
ymax_boundary_inclined_plane,0.14375000000000004,9.7,9.0,-0.71375,0.27699999999999997,2.56325,2.56325
ymax_boundary_inclined_plane,0.15000000000000002,9.6,9.0,-0.71,0.276,2.566,2.566
ymax_boundary_inclined_plane,0.15625,9.5,9.0,-0.70625,0.275,2.5687499999999996,2.56875
ymax_boundary_inclined_plane,0.16249999999999998,9.4,9.0,-0.7025,0.274,2.5715,2.5715
ymax_boundary_inclined_plane,0.16874999999999996,9.3,9.0,-0.6987500000000001,0.273,2.57425,2.57425
ymax_boundary_inclined_plane,0.17500000000000004,9.2,9.0,-0.6950000000000001,0.272,2.577,2.577
ymax_boundary_inclined_plane,0.18125000000000002,9.1,9.0,-0.69125,0.271,2.5797499999999998,2.57975
ymax_boundary_inclined_plane,0.1875,9.0,9.0,-0.6875,0.27,2.5825,2.5825
ymax_boundary_inclined_plane,0.19374999999999998,8.9,9.0,-0.6837500000000001,0.269,2.5852500000000003,2.58525
ymax_boundary_inclined_plane,0.19999999999999996,8.8,9.0,-0.68,0.268,2.5879999999999996,2.588
ymax_boundary_inclined_plane,0.20625000000000004,8.7,9.0,-0.67625,0.267,2.59075,2.59075
ymax_boundary_inclined_plane,0.21250000000000002,8.6,9.0,-0.6725,0.266,2.5935,2.5935
ymax_boundary_inclined_plane,0.21875,8.5,9.0,-0.66875,0.265,2.5962500000000004,2.59625
ymax_boundary_inclined_plane,0.22499999999999998,8.4,9.0,-0.665,0.264,2.599,2.599
ymax_boundary_inclined_plane,0.23124999999999996,8.3,9.0,-0.6612500000000001,0.263,2.60175,2.60175
ymax_boundary_inclined_plane,0.23750000000000004,8.2,9.0,-0.6575,0.262,2.6045,2.6045
ymax_boundary_inclined_plane,0.24375000000000002,8.1,9.0,-0.65375,0.261,2.60725,2.60725
ymax_boundary_inclined_plane,0.25,8.0,9.0,-0.65,0.26,2.61,2.61
ymax_boundary_inclined_plane,0.25625,7.9,9.0,-0.64625,0.259,2.61275,2.61275
ymax_boundary_inclined_plane,0.2625,7.8,9.0,-0.6425000000000001,0.258,2.6155,2.6155
ymax_boundary_inclined_plane,0.26875,7.7,9.0,-0.63875,0.257,2.61825,2.61825
ymax_boundary_inclined_plane,0.275,7.6,9.0,-0.635,0.256,2.6210000000000004,2.621
ymax_boundary_inclined_plane,0.28125,7.5,9.0,-0.6312500000000001,0.255,2.62375,2.62375
ymax_boundary_inclined_plane,0.2875,7.4,9.0,-0.6275000000000001,0.254,2.6265,2.6265
ymax_boundary_inclined_plane,0.29375,7.3,9.0,-0.62375,0.253,2.62925,2.62925
ymax_boundary_inclined_plane,0.3,7.2,9.0,-0.62,0.252,2.6319999999999997,2.632
ymax_boundary_inclined_plane,0.30625,7.1,9.0,-0.61625,0.251,2.63475,2.63475
ymax_boundary_inclined_plane,0.3125,7.0,9.0,-0.6125,0.25,2.6375,2.6375
ymax_boundary_inclined_plane,0.31875,6.9,9.0,-0.60875,0.249,2.64025,2.64025
ymax_boundary_inclined_plane,0.325,6.8,9.0,-0.605,0.248,2.6430000000000002,2.643
ymax_boundary_inclined_plane,0.33125,6.7,9.0,-0.6012500000000001,0.247,2.6457499999999996,2.64575
ymax_boundary_inclined_plane,0.3375,6.6,9.0,-0.5975,0.246,2.6485,2.6485
ymax_boundary_inclined_plane,0.34375,6.5,9.0,-0.59375,0.245,2.65125,2.65125
ymax_boundary_inclined_plane,0.35,6.4,9.0,-0.5900000000000001,0.244,2.654,2.654
ymax_boundary_inclined_plane,0.35625,6.3,9.0,-0.5862499999999999,0.243,2.6567499999999997,2.65675
ymax_boundary_inclined_plane,0.3625,6.2,9.0,-0.5825,0.242,2.6595,2.6595
ymax_boundary_inclined_plane,0.36875,6.1,9.0,-0.57875,0.241,2.6622500000000002,2.66225
ymax_boundary_inclined_plane,0.375,6.0,9.0,-0.575,0.24,2.665,2.665
ymax_boundary_inclined_plane,0.38125,5.9,9.0,-0.57125,0.239,2.66775,2.66775
ymax_boundary_inclined_plane,0.3875,5.8,9.0,-0.5675,0.238,2.6705,2.6705
ymax_boundary_inclined_plane,0.39375,5.7,9.0,-0.56375,0.237,2.6732500000000003,2.67325
ymax_boundary_inclined_plane,0.4,5.6,9.0,-0.56,0.236,2.6759999999999997,2.676
ymax_boundary_inclined_plane,0.40625,5.5,9.0,-0.55625,0.235,2.67875,2.67875
ymax_boundary_inclined_plane,0.4125,5.4,9.0,-0.5525,0.23399999999999999,2.6814999999999998,2.6815
ymax_boundary_inclined_plane,0.41875,5.3,9.0,-0.5487500000000001,0.23299999999999998,2.68425,2.68425
ymax_boundary_inclined_plane,0.425,5.2,9.0,-0.545,0.23199999999999998,2.6870000000000003,2.687
ymax_boundary_inclined_plane,0.43125,5.1,9.0,-0.54125,0.23099999999999998,2.68975,2.68975
ymax_boundary_inclined_plane,0.4375,5.0,9.0,-0.5375,0.22999999999999998,2.6925,2.6925
ymax_boundary_inclined_plane,0.44375,4.9,9.0,-0.53375,0.22899999999999998,2.69525,2.69525
ymax_boundary_inclined_plane,0.45,4.8,9.0,-0.53,0.22799999999999998,2.6979999999999995,2.698
ymax_boundary_inclined_plane,0.45625,4.7,9.0,-0.52625,0.22699999999999998,2.7007499999999998,2.70075
ymax_boundary_inclined_plane,0.4625,4.6,9.0,-0.5225,0.22599999999999998,2.7035,2.7035
ymax_boundary_inclined_plane,0.46875,4.5,9.0,-0.51875,0.22499999999999998,2.70625,2.70625
ymax_boundary_inclined_plane,0.475,4.4,9.0,-0.515,0.224,2.709,2.709
ymax_boundary_inclined_plane,0.48125,4.3,9.0,-0.51125,0.22299999999999998,2.71175,2.71175
ymax_boundary_inclined_plane,0.4875,4.2,9.0,-0.5075000000000001,0.222,2.7145,2.7145
ymax_boundary_inclined_plane,0.49375,4.1,9.0,-0.5037499999999999,0.22099999999999997,2.71725,2.71725
ymax_boundary_inclined_plane,0.5,4.0,9.0,-0.5,0.22,2.72,2.72
ymax_boundary_inclined_plane,0.50625,3.9000000000000004,9.0,-0.49625,0.219,2.72275,2.72275
ymax_boundary_inclined_plane,0.5125,3.8000000000000007,9.0,-0.49250000000000005,0.218,2.7255,2.7255
ymax_boundary_inclined_plane,0.51875,3.6999999999999993,9.0,-0.48874999999999996,0.21699999999999997,2.72825,2.72825
ymax_boundary_inclined_plane,0.525,3.5999999999999996,9.0,-0.485,0.216,2.7310000000000003,2.731
ymax_boundary_inclined_plane,0.53125,3.5,9.0,-0.48125,0.215,2.7337499999999997,2.73375
ymax_boundary_inclined_plane,0.5375,3.4000000000000004,9.0,-0.47750000000000004,0.214,2.7365,2.7365
ymax_boundary_inclined_plane,0.54375,3.3000000000000007,9.0,-0.47375,0.213,2.73925,2.73925
ymax_boundary_inclined_plane,0.55,3.1999999999999993,9.0,-0.47,0.212,2.742,2.742
ymax_boundary_inclined_plane,0.55625,3.0999999999999996,9.0,-0.46625,0.211,2.74475,2.74475
ymax_boundary_inclined_plane,0.5625,3.0,9.0,-0.4625,0.21,2.7475,2.7475
ymax_boundary_inclined_plane,0.56875,2.9000000000000004,9.0,-0.45875,0.209,2.7502500000000003,2.75025
ymax_boundary_inclined_plane,0.575,2.8000000000000007,9.0,-0.455,0.208,2.753,2.753
ymax_boundary_inclined_plane,0.58125,2.6999999999999993,9.0,-0.45125,0.207,2.75575,2.75575
ymax_boundary_inclined_plane,0.5875,2.5999999999999996,9.0,-0.44749999999999995,0.206,2.7585,2.7585
ymax_boundary_inclined_plane,0.59375,2.5,9.0,-0.44375,0.205,2.76125,2.76125
ymax_boundary_inclined_plane,0.6,2.4000000000000004,9.0,-0.44,0.204,2.7640000000000002,2.764
ymax_boundary_inclined_plane,0.60625,2.3000000000000007,9.0,-0.43625,0.203,2.76675,2.76675
ymax_boundary_inclined_plane,0.6125,2.1999999999999993,9.0,-0.43249999999999994,0.20199999999999999,2.7695,2.7695
ymax_boundary_inclined_plane,0.61875,2.0999999999999996,9.0,-0.42874999999999996,0.20099999999999998,2.77225,2.77225
ymax_boundary_inclined_plane,0.625,2.0,9.0,-0.425,0.19999999999999998,2.7750000000000004,2.775
ymax_boundary_inclined_plane,0.63125,1.9000000000000004,9.0,-0.42125,0.199,2.7777499999999997,2.77775
ymax_boundary_inclined_plane,0.6375,1.8000000000000007,9.0,-0.41750000000000004,0.198,2.7805,2.7805
ymax_boundary_inclined_plane,0.64375,1.6999999999999993,9.0,-0.41374999999999995,0.19699999999999998,2.7832500000000002,2.78325
ymax_boundary_inclined_plane,0.65,1.5999999999999996,9.0,-0.41,0.19599999999999998,2.786,2.786
ymax_boundary_inclined_plane,0.65625,1.5,9.0,-0.40625,0.195,2.78875,2.78875
ymax_boundary_inclined_plane,0.6625,1.4000000000000004,9.0,-0.4025,0.194,2.7915,2.7915
ymax_boundary_inclined_plane,0.66875,1.3000000000000007,9.0,-0.39875,0.193,2.79425,2.79425
ymax_boundary_inclined_plane,0.675,1.1999999999999993,9.0,-0.39499999999999996,0.19199999999999998,2.797,2.797
ymax_boundary_inclined_plane,0.68125,1.0999999999999996,9.0,-0.39125,0.191,2.79975,2.79975
ymax_boundary_inclined_plane,0.6875,1.0,9.0,-0.38749999999999996,0.19,2.8025,2.8025
ymax_boundary_inclined_plane,0.69375,0.9000000000000004,9.0,-0.38375,0.189,2.80525,2.80525
ymax_boundary_inclined_plane,0.7,0.8000000000000007,9.0,-0.38,0.188,2.8080000000000003,2.808
ymax_boundary_inclined_plane,0.70625,0.6999999999999993,9.0,-0.37625,0.187,2.8107499999999996,2.81075
ymax_boundary_inclined_plane,0.7125,0.5999999999999996,9.0,-0.37249999999999994,0.186,2.8135,2.8135
ymax_boundary_inclined_plane,0.71875,0.5,9.0,-0.36874999999999997,0.185,2.81625,2.81625
ymax_boundary_inclined_plane,0.725,0.40000000000000036,9.0,-0.365,0.184,2.819,2.819
ymax_boundary_inclined_plane,0.73125,0.3000000000000007,9.0,-0.36125,0.183,2.8217499999999998,2.82175
ymax_boundary_inclined_plane,0.7375,0.1999999999999993,9.0,-0.35749999999999993,0.182,2.8245,2.8245
ymax_boundary_inclined_plane,0.74375,0.09999999999999964,9.0,-0.35374999999999995,0.181,2.8272500000000003,2.82725
ymax_boundary_inclined_plane,0.75,0.0,9.0,-0.35,0.18,2.83,2.83
ymax_boundary_inclined_plane,0.75625,-0.09999999999999964,9.0,-0.34625,0.179,2.83275,2.83275
ymax_boundary_inclined_plane,0.7625,-0.1999999999999993,9.0,-0.3425,0.178,2.8354999999999997,2.8355
ymax_boundary_inclined_plane,0.76875,-0.3000000000000007,9.0,-0.33874999999999994,0.177,2.83825,2.83825
ymax_boundary_inclined_plane,0.775,-0.40000000000000036,9.0,-0.33499999999999996,0.176,2.841,2.841
ymax_boundary_inclined_plane,0.78125,-0.5,9.0,-0.33125,0.175,2.84375,2.84375
ymax_boundary_inclined_plane,0.7875,-0.5999999999999996,9.0,-0.3275,0.174,2.8465,2.8465
ymax_boundary_inclined_plane,0.79375,-0.6999999999999993,9.0,-0.32375,0.173,2.84925,2.84925
ymax_boundary_inclined_plane,0.8,-0.8000000000000007,9.0,-0.31999999999999995,0.172,2.8520000000000003,2.852
ymax_boundary_inclined_plane,0.80625,-0.9000000000000004,9.0,-0.31625,0.17099999999999999,2.8547499999999997,2.85475
ymax_boundary_inclined_plane,0.8125,-1.0,9.0,-0.3125,0.16999999999999998,2.8575,2.8575
ymax_boundary_inclined_plane,0.81875,-1.0999999999999996,9.0,-0.30874999999999997,0.16899999999999998,2.86025,2.86025
ymax_boundary_inclined_plane,0.825,-1.1999999999999993,9.0,-0.305,0.168,2.863,2.863
ymax_boundary_inclined_plane,0.83125,-1.3000000000000007,9.0,-0.30124999999999996,0.16699999999999998,2.86575,2.86575
ymax_boundary_inclined_plane,0.8375,-1.4000000000000004,9.0,-0.2975,0.16599999999999998,2.8685,2.8685
ymax_boundary_inclined_plane,0.84375,-1.5,9.0,-0.29374999999999996,0.16499999999999998,2.87125,2.87125
ymax_boundary_inclined_plane,0.85,-1.5999999999999996,9.0,-0.29000000000000004,0.164,2.874,2.874
ymax_boundary_inclined_plane,0.85625,-1.6999999999999993,9.0,-0.28625,0.163,2.87675,2.87675
ymax_boundary_inclined_plane,0.8625,-1.8000000000000007,9.0,-0.2825,0.16199999999999998,2.8795,2.8795
ymax_boundary_inclined_plane,0.86875,-1.9000000000000004,9.0,-0.27874999999999994,0.16099999999999998,2.88225,2.88225
ymax_boundary_inclined_plane,0.875,-2.0,9.0,-0.2749999999999999,0.16,2.8850000000000002,2.885
ymax_boundary_inclined_plane,0.88125,-2.0999999999999996,9.0,-0.27125,0.159,2.8877499999999996,2.88775
ymax_boundary_inclined_plane,0.8875,-2.1999999999999993,9.0,-0.26749999999999996,0.158,2.8905,2.8905
ymax_boundary_inclined_plane,0.89375,-2.3000000000000007,9.0,-0.26374999999999993,0.15699999999999997,2.89325,2.89325
ymax_boundary_inclined_plane,0.9,-2.4000000000000004,9.0,-0.2599999999999999,0.156,2.8960000000000004,2.896
ymax_boundary_inclined_plane,0.90625,-2.5,9.0,-0.25625,0.155,2.8987499999999997,2.89875
ymax_boundary_inclined_plane,0.9125,-2.5999999999999996,9.0,-0.25249999999999995,0.154,2.9015,2.9015
ymax_boundary_inclined_plane,0.91875,-2.6999999999999993,9.0,-0.24875000000000003,0.153,2.90425,2.90425
ymax_boundary_inclined_plane,0.925,-2.8000000000000007,9.0,-0.24499999999999988,0.152,2.907,2.907
ymax_boundary_inclined_plane,0.93125,-2.9000000000000004,9.0,-0.24124999999999996,0.151,2.90975,2.90975
ymax_boundary_inclined_plane,0.9375,-3.0,9.0,-0.23749999999999993,0.15,2.9125,2.9125
ymax_boundary_inclined_plane,0.94375,-3.0999999999999996,9.0,-0.23375,0.149,2.91525,2.91525
ymax_boundary_inclined_plane,0.95,-3.1999999999999993,9.0,-0.22999999999999998,0.148,2.918,2.918
ymax_boundary_inclined_plane,0.95625,-3.3000000000000007,9.0,-0.22624999999999995,0.147,2.92075,2.92075
ymax_boundary_inclined_plane,0.9625,-3.4000000000000004,9.0,-0.22249999999999992,0.146,2.9234999999999998,2.9235
ymax_boundary_inclined_plane,0.96875,-3.5,9.0,-0.21875,0.145,2.92625,2.92625
ymax_boundary_inclined_plane,0.975,-3.5999999999999996,9.0,-0.21499999999999997,0.144,2.9290000000000003,2.929
ymax_boundary_inclined_plane,0.98125,-3.6999999999999993,9.0,-0.21124999999999994,0.14300000000000002,2.93175,2.93175
ymax_boundary_inclined_plane,0.9875,-3.8000000000000007,9.0,-0.2074999999999999,0.142,2.9345,2.9345
ymax_boundary_inclined_plane,0.99375,-3.9000000000000004,9.0,-0.20375,0.141,2.93725,2.93725
ymax_boundary_inclined_plane,1.0,-4.0,9.0,-0.19999999999999996,0.13999999999999999,2.9400000000000004,2.94
former_0_9_mm_error,0.01,0.1,0.0,-0.11,0,2.89,2.89
former_0_9_mm_error,0.02,0.2,0.0,-0.12000000000000001,0,2.88,2.88
former_0_9_mm_error,0.03,0.3,0.0,-0.13,0,2.87,2.87
former_0_9_mm_error,0.04,0.4,0.0,-0.14,0,2.86,2.86
former_0_9_mm_error,0.05,0.5,0.0,-0.15000000000000002,0,2.85,2.85
former_0_9_mm_error,0.06,0.6,0.0,-0.16,0,2.84,2.84
former_0_9_mm_error,0.07,0.7000000000000001,0.0,-0.17,0,2.83,2.83
former_0_9_mm_error,0.08,0.8,0.0,-0.18,0,2.82,2.82
former_0_9_mm_error,0.09,0.8999999999999999,0.0,-0.19,0,2.81,2.81
former_0_9_mm_error,0.1,1.0,0.0,-0.2,0,2.8,2.8
former_0_9_mm_error,0.11000000000000001,1.1,0.0,-0.21000000000000002,0,2.79,2.79
former_0_9_mm_error,0.12,1.2,0.0,-0.22,0,2.78,2.78
former_0_9_mm_error,0.13,1.3,0.0,-0.23,0,2.77,2.77
former_0_9_mm_error,0.14,1.4000000000000001,0.0,-0.24000000000000002,0,2.76,2.76
former_0_9_mm_error,0.15,1.5,0.0,-0.25,0,2.75,2.75
former_0_9_mm_error,0.16,1.6,0.0,-0.26,0,2.74,2.74
former_0_9_mm_error,0.17,1.7000000000000002,0.0,-0.27,0,2.73,2.73
former_0_9_mm_error,0.18,1.7999999999999998,0.0,-0.28,0,2.7199999999999998,2.72
former_0_9_mm_error,0.19,1.9,0.0,-0.29000000000000004,0,2.71,2.71
former_0_9_mm_error,0.2,2.0,0.0,-0.30000000000000004,0,2.7,2.7
former_0_9_mm_error,0.21000000000000002,2.1,0.0,-0.31000000000000005,0,2.69,2.69
former_0_9_mm_error,0.22000000000000003,2.2,0.0,-0.32000000000000006,0,2.6799999999999997,2.68
former_0_9_mm_error,0.23000000000000004,2.3000000000000003,0.0,-0.33000000000000007,0,2.67,2.67
former_0_9_mm_error,0.24,2.4,0.0,-0.33999999999999997,0,2.66,2.66
former_0_9_mm_error,0.25,2.5,0.0,-0.35,0,2.65,2.65
former_0_9_mm_error,0.26,2.6,0.0,-0.36,0,2.64,2.64
former_0_9_mm_error,0.27,2.7,0.0,-0.37,0,2.63,2.63
former_0_9_mm_error,0.28,2.8000000000000003,0.0,-0.38,0,2.62,2.62
former_0_9_mm_error,0.29,2.9,0.0,-0.39,0,2.61,2.61
former_0_9_mm_error,0.3,3.0,0.0,-0.4,0,2.6,2.6
former_0_9_mm_error,0.31,3.1,0.0,-0.41000000000000003,0,2.59,2.59
former_0_9_mm_error,0.32,3.2,0.0,-0.42000000000000004,0,2.58,2.58
former_0_9_mm_error,0.33,3.3000000000000003,0.0,-0.43000000000000005,0,2.57,2.57
former_0_9_mm_error,0.34,3.4000000000000004,0.0,-0.44000000000000006,0,2.56,2.56
former_0_9_mm_error,0.35,3.5,0.0,-0.44999999999999996,0,2.55,2.55
former_0_9_mm_error,0.36,3.5999999999999996,0.0,-0.45999999999999996,0,2.54,2.54
former_0_9_mm_error,0.37,3.7,0.0,-0.47,0,2.5300000000000002,2.53
former_0_9_mm_error,0.38,3.8,0.0,-0.48,0,2.52,2.52
former_0_9_mm_error,0.39,3.9000000000000004,0.0,-0.49,0,2.51,2.51
former_0_9_mm_error,0.4,4.0,0.0,-0.5,0,2.5,2.5
former_0_9_mm_error,0.41,4.1,0.0,-0.51,0,2.49,2.49
former_0_9_mm_error,0.42000000000000004,4.2,0.0,-0.52,0,2.48,2.48
former_0_9_mm_error,0.43,4.3,0.0,-0.53,0,2.4699999999999998,2.47
former_0_9_mm_error,0.44000000000000006,4.4,0.0,-0.54,0,2.46,2.46
former_0_9_mm_error,0.45,4.5,0.0,-0.55,0,2.45,2.45
former_0_9_mm_error,0.4600000000000001,4.6000000000000005,0.0,-0.56,0,2.44,2.44
former_0_9_mm_error,0.4699999999999999,4.699999999999999,0.0,-0.57,0,2.43,2.43
former_0_9_mm_error,0.48,4.8,0.0,-0.58,0,2.42,2.42
former_0_9_mm_error,0.49000000000000005,4.9,0.0,-0.5900000000000001,0,2.41,2.41
former_0_9_mm_error,0.5,5.0,0.0,-0.6,0,2.4,2.4
former_0_9_mm_error,0.51,5.1,0.0,-0.61,0,2.39,2.39
former_0_9_mm_error,0.52,5.2,0.0,-0.62,0,2.38,2.38
former_0_9_mm_error,0.53,5.300000000000001,0.0,-0.63,0,2.37,2.37
former_0_9_mm_error,0.54,5.4,0.0,-0.64,0,2.36,2.36
former_0_9_mm_error,0.55,5.5,0.0,-0.65,0,2.35,2.35
former_0_9_mm_error,0.56,5.6000000000000005,0.0,-0.66,0,2.34,2.34
former_0_9_mm_error,0.57,5.699999999999999,0.0,-0.6699999999999999,0,2.33,2.33
former_0_9_mm_error,0.58,5.8,0.0,-0.6799999999999999,0,2.3200000000000003,2.32
former_0_9_mm_error,0.59,5.8999999999999995,0.0,-0.69,0,2.31,2.31
former_0_9_mm_error,0.6,6.0,0.0,-0.7,0,2.3,2.3
former_0_9_mm_error,0.61,6.1,0.0,-0.71,0,2.29,2.29
former_0_9_mm_error,0.62,6.2,0.0,-0.72,0,2.2800000000000002,2.28
former_0_9_mm_error,0.63,6.3,0.0,-0.73,0,2.27,2.27
former_0_9_mm_error,0.64,6.4,0.0,-0.74,0,2.26,2.26
former_0_9_mm_error,0.65,6.5,0.0,-0.75,0,2.25,2.25
former_0_9_mm_error,0.66,6.6000000000000005,0.0,-0.76,0,2.24,2.24
former_0_9_mm_error,0.67,6.7,0.0,-0.77,0,2.23,2.23
former_0_9_mm_error,0.68,6.800000000000001,0.0,-0.78,0,2.2199999999999998,2.22
former_0_9_mm_error,0.69,6.8999999999999995,0.0,-0.7899999999999999,0,2.21,2.21
former_0_9_mm_error,0.7,7.0,0.0,-0.7999999999999999,0,2.2,2.2
former_0_9_mm_error,0.71,7.1,0.0,-0.8099999999999999,0,2.19,2.19
former_0_9_mm_error,0.72,7.199999999999999,0.0,-0.82,0,2.18,2.18
former_0_9_mm_error,0.73,7.3,0.0,-0.83,0,2.17,2.17
former_0_9_mm_error,0.74,7.4,0.0,-0.84,0,2.16,2.16
former_0_9_mm_error,0.75,7.5,0.0,-0.85,0,2.15,2.15
former_0_9_mm_error,0.76,7.6,0.0,-0.86,0,2.14,2.14
former_0_9_mm_error,0.77,7.7,0.0,-0.87,0,2.13,2.13
former_0_9_mm_error,0.78,7.800000000000001,0.0,-0.88,0,2.12,2.12
former_0_9_mm_error,0.79,7.9,0.0,-0.89,0,2.11,2.11
former_0_9_mm_error,0.8,8.0,0.0,-0.9,0,2.1,2.1
former_0_9_mm_error,0.8100000000000002,8.100000000000001,0.0,-0.9100000000000001,0,2.09,2.09
former_0_9_mm_error,0.82,8.2,0.0,-0.9199999999999999,0,2.08,2.08
former_0_9_mm_error,0.8299999999999998,8.299999999999999,0.0,-0.9299999999999998,0,2.0700000000000003,2.07
former_0_9_mm_error,0.8400000000000001,8.4,0.0,-0.9400000000000001,0,2.06,2.06
former_0_9_mm_error,0.85,8.5,0.0,-0.95,0,2.05,2.05
former_0_9_mm_error,0.86,8.6,0.0,-0.96,0,2.04,2.04
former_0_9_mm_error,0.8699999999999999,8.7,0.0,-0.9699999999999999,0,2.0300000000000002,2.03
former_0_9_mm_error,0.8800000000000001,8.8,0.0,-0.9800000000000001,0,2.02,2.02
former_0_9_mm_error,0.89,8.9,0.0,-0.99,0,2.01,2.01
former_0_9_mm_error,0.9,9.0,0.0,-1.0,0,2.0,2.0
former_0_9_mm_error,0.9099999999999999,9.1,0.0,-1.01,0,1.99,1.99
former_0_9_mm_error,0.9200000000000002,9.200000000000001,0.0,-1.0200000000000002,0,1.9799999999999998,1.98
former_0_9_mm_error,0.93,9.3,0.0,-1.03,0,1.97,1.97
former_0_9_mm_error,0.9399999999999998,9.399999999999999,0.0,-1.0399999999999998,0,1.9600000000000002,1.96
former_0_9_mm_error,0.95,9.5,0.0,-1.05,0,1.95,1.95
former_0_9_mm_error,0.96,9.6,0.0,-1.06,0,1.94,1.94
former_0_9_mm_error,0.97,9.7,0.0,-1.07,0,1.93,1.93
former_0_9_mm_error,0.9800000000000001,9.8,0.0,-1.08,0,1.92,1.92
former_0_9_mm_error,0.99,9.9,0.0,-1.09,0,1.91,1.91
former_0_9_mm_error,1.0,10.0,0.0,-1.1,0,1.9,1.9
